strike,impliedVolatility,bid,ask,volume,log_moneyness,tau,type,_spot
525.0,1.4736354443359376,219.62,222.42,7.0,-0.3508446670548764,0.008213552361396304,call,745.6400146484375
580.0,1.0976607617187502,164.62,167.43,,-0.25121482610603507,0.008213552361396304,call,745.6400146484375
600.0,0.96679720703125,144.63,147.42,1.0,-0.21731327443035378,0.008213552361396304,call,745.6400146484375
670.0,0.5293015820312501,74.64,77.44,19.0,-0.10696521726148839,0.008213552361396304,call,745.6400146484375
675.0,0.5019581054687501,69.65,72.47,5.0,-0.09953023877397033,0.008213552361396304,call,745.6400146484375
680.0,0.637698935546875,64.65,67.46,6.0,-0.09215013147634776,0.008213552361396304,call,745.6400146484375
685.0,0.5979044116210939,59.66,62.45,27.0,-0.08482409138427487,0.008213552361396304,call,745.6400146484375
690.0,0.5596967858886719,54.66,57.46,65.0,-0.0775513320551951,0.008213552361396304,call,745.6400146484375
693.0,0.5338181384277343,51.66,54.43,1.0,-0.07321293045659699,0.008213552361396304,call,745.6400146484375
694.0,0.5283250292968751,50.67,53.46,1.0,-0.07177096913969569,0.008213552361396304,call,745.6400146484375
695.0,0.520390538330078,49.67,52.46,5.0,-0.07033108408170805,0.008213552361396304,call,745.6400146484375
698.0,0.49805189453125004,46.67,49.48,4.0,-0.06602382688412775,0.008213552361396304,call,745.6400146484375
700.0,0.481450498046875,44.67,47.47,212.0,-0.0631625946030955,0.008213552361396304,call,745.6400146484375
701.0,0.4735160070800781,43.68,46.47,1.0,-0.06173504261191007,0.008213552361396304,call,745.6400146484375
702.0,0.4669242761230469,42.68,45.49,5.0,-0.06030952562068902,0.008213552361396304,call,745.6400146484375
707.0,0.42578699218750005,37.69,40.48,1.0,-0.05321226374992739,0.008213552361396304,call,745.6400146484375
708.0,0.41834077758789057,36.69,39.49,6.0,-0.05179883595278036,0.008213552361396304,call,745.6400146484375
709.0,0.41089456298828125,35.69,38.5,1.0,-0.05038740311437272,0.008213552361396304,call,745.6400146484375
710.0,0.4019835192871094,34.69,37.49,14.0,-0.04897795961113909,0.008213552361396304,call,745.6400146484375
712.0,0.38684695190429685,32.7,35.51,1.0,-0.04616501823452439,0.008213552361396304,call,745.6400146484375
713.0,0.33313655151367194,31.95,33.84,1.0,-0.0447615092322042,0.008213552361396304,call,745.6400146484375
715.0,0.3184882604980468,30.36,31.85,126.0,-0.04196038695249255,0.008213552361396304,call,745.6400146484375
716.0,0.31140825317382803,28.96,30.86,2.0,-0.04056276268585457,0.008213552361396304,call,745.6400146484375
718.0,0.2957834094238281,26.96,28.86,7.0,-0.037773360598275955,0.008213552361396304,call,745.6400146484375
719.0,0.2885813330078124,25.97,27.87,39.0,-0.03638157192545343,0.008213552361396304,call,745.6400146484375
720.0,0.28125718749999995,24.97,26.88,721.0,-0.03499171763639922,0.008213552361396304,call,745.6400146484375
721.0,0.26258061645507813,23.98,25.72,75.0,-0.033603792361551116,0.008213552361396304,call,745.6400146484375
722.0,0.2664868273925781,22.98,24.9,10.0,-0.03221779075367394,0.008213552361396304,call,745.6400146484375
723.0,0.2590406127929688,22.0,23.91,3.0,-0.03083370748773546,0.008213552361396304,call,745.6400146484375
725.0,0.21692677612304687,20.45,21.51,338.0,-0.028071274791825442,0.008213552361396304,call,745.6400146484375
726.0,0.2098467687988281,19.04,20.52,1445.0,-0.02669291482170411,0.008213552361396304,call,745.6400146484375
727.0,0.19727365234375,18.71,19.45,3375.0,-0.025316452112980812,0.008213552361396304,call,745.6400146484375
728.0,0.20899228515624996,17.54,18.76,2671.0,-0.023941881449814184,0.008213552361396304,call,745.6400146484375
729.0,0.21143366699218746,16.23,17.95,1662.0,-0.022569197637841987,0.008213552361396304,call,745.6400146484375
730.0,0.18433432861328125,15.62,16.62,1054.0,-0.021198395504063414,0.008213552361396304,call,745.6400146484375
731.0,0.1726156958007813,14.59,15.56,6.0,-0.019829469896721703,0.008213552361396304,call,745.6400146484375
732.0,0.16718362121582034,13.7,14.61,832.0,-0.018462415685188624,0.008213552361396304,call,745.6400146484375
733.0,0.16040878662109376,12.91,13.64,396.0,-0.01709722775984867,0.008213552361396304,call,745.6400146484375
734.0,0.1518639501953125,12.06,12.64,692.0,-0.01573390103198456,0.008213552361396304,call,745.6400146484375
735.0,0.14673704833984375,11.36,11.71,2522.0,-0.014372430433663444,0.008213552361396304,call,745.6400146484375
736.0,0.14020635192871095,10.62,10.76,818.0,-0.013012810917623975,0.008213552361396304,call,745.6400146484375
737.0,0.13514048461914066,9.72,9.85,425.0,-0.011655037457163587,0.008213552361396304,call,745.6400146484375
738.0,0.13044082458496092,8.83,8.96,1260.0,-0.010299105046027674,0.008213552361396304,call,745.6400146484375
739.0,0.12592426818847657,7.96,8.09,2785.0,-0.008945008698298375,0.008213552361396304,call,745.6400146484375
740.0,0.12140771179199218,7.11,7.24,1884.0,-0.0075927434482846905,0.008213552361396304,call,745.6400146484375
741.0,0.117196328125,6.29,6.42,1655.0,-0.006242304350413332,0.008213552361396304,call,745.6400146484375
742.0,0.11274080627441406,5.5,5.62,3397.0,-0.0048936864791197495,0.008213552361396304,call,745.6400146484375
743.0,0.10895666442871094,4.75,4.87,3906.0,-0.003546884928741012,0.008213552361396304,call,745.6400146484375
744.0,0.10462321166992186,4.04,4.14,6680.0,-0.0022018948134082906,0.008213552361396304,call,745.6400146484375
745.0,0.10083906982421875,3.38,3.47,18072.0,-0.00085871126694062,0.008213552361396304,call,745.6400146484375
746.0,0.09681078979492189,2.83,2.84,32510.0,0.00048267055726062495,0.008213552361396304,call,745.6400146484375
747.0,0.09497975341796877,2.3,2.33,60149.0,0.0018222554863171012,0.008213552361396304,call,745.6400146484375
748.0,0.09259940612792968,1.84,1.86,59362.0,0.003160048327977059,0.008213552361396304,call,745.6400146484375
749.0,0.09021905883789064,1.44,1.45,29986.0,0.004496053870719315,0.008213552361396304,call,745.6400146484375
750.0,0.08912043701171876,1.11,1.13,65468.0,0.005830276883855982,0.008213552361396304,call,745.6400146484375
751.0,0.08789974609375001,0.85,0.86,17750.0,0.0071627221176346215,0.008213552361396304,call,745.6400146484375
752.0,0.0872283660888672,0.63,0.65,17384.0,0.008493394303339723,0.008213552361396304,call,745.6400146484375
753.0,0.08655698608398438,0.47,0.48,12133.0,0.009822298153393496,0.008213552361396304,call,745.6400146484375
754.0,0.08667905517578126,0.35,0.36,12563.0,0.011149438361455792,0.008213552361396304,call,745.6400146484375
755.0,0.08716733154296877,0.26,0.27,19919.0,0.012474819602524443,0.008213552361396304,call,745.6400146484375
756.0,0.08863216064453125,0.2,0.21,8406.0,0.01379844653303276,0.008213552361396304,call,745.6400146484375
757.0,0.08960871337890625,0.15,0.16,7737.0,0.015120323790948558,0.008213552361396304,call,745.6400146484375
758.0,0.09205009521484375,0.12,0.13,8072.0,0.016440455995871458,0.008213552361396304,call,745.6400146484375
759.0,0.09473561523437501,0.1,0.11,10698.0,0.01775884774912975,0.008213552361396304,call,745.6400146484375
760.0,0.09888596435546876,0.09,0.1,14995.0,0.019075503633876605,0.008213552361396304,call,745.6400146484375
761.0,0.100594931640625,0.07,0.08,3121.0,0.020390428215185698,0.008213552361396304,call,745.6400146484375
762.0,0.10401286621093749,0.06,0.07,4468.0,0.021703626040146157,0.008213552361396304,call,745.6400146484375
763.0,0.106454248046875,0.05,0.06,927.0,0.02301510163795691,0.008213552361396304,call,745.6400146484375
764.0,0.11182528808593749,0.05,0.06,3490.0,0.024324859520020416,0.008213552361396304,call,745.6400146484375
765.0,0.1137783935546875,0.04,0.05,1669.0,0.025632904180035564,0.008213552361396304,call,745.6400146484375
766.0,0.1186611572265625,0.04,0.05,1446.0,0.026939240094091047,0.008213552361396304,call,745.6400146484375
767.0,0.12012598632812499,0.03,0.04,1342.0,0.028243871720755955,0.008213552361396304,call,745.6400146484375
768.0,0.1245204736328125,0.03,0.04,1217.0,0.029546803501171955,0.008213552361396304,call,745.6400146484375
769.0,0.1289149609375,0.03,0.04,754.0,0.03084803985914378,0.008213552361396304,call,745.6400146484375
770.0,0.1289149609375,0.02,0.03,1156.0,0.03214758520122936,0.008213552361396304,call,745.6400146484375
771.0,0.133797724609375,0.02,0.03,773.0,0.03344544391682934,0.008213552361396304,call,745.6400146484375
772.0,0.13868048828125001,0.02,0.03,84.0,0.034741620378276036,0.008213552361396304,call,745.6400146484375
773.0,0.14258669921875,0.02,0.03,408.0,0.03603611894092185,0.008213552361396304,call,745.6400146484375
774.0,0.147469462890625,0.02,0.03,375.0,0.03732894394322702,0.008213552361396304,call,745.6400146484375
775.0,0.15235222656250003,0.02,0.03,148.0,0.038620099706846926,0.008213552361396304,call,745.6400146484375
780.0,0.16602396484375004,0.01,0.02,787.0,0.04505099003713724,0.008213552361396304,call,745.6400146484375
785.0,0.187508125,0.01,0.02,689.0,0.05144078813590835,0.008213552361396304,call,745.6400146484375
790.0,0.195320546875,0.0,0.01,9.0,0.057790015814566977,0.008213552361396304,call,745.6400146484375
795.0,0.21094539062499998,0.0,0.01,693.0,0.0640991850078318,0.008213552361396304,call,745.6400146484375
800.0,0.2304764453125,0.0,0.01,10.0,0.07036879802142708,0.008213552361396304,call,745.6400146484375
805.0,0.2500075,0.0,0.01,26.0,0.07659934777206326,0.008213552361396304,call,745.6400146484375
810.0,0.2695385546875,0.0,0.01,6.0,0.08279131801998423,0.008213552361396304,call,745.6400146484375
815.0,0.28516339843749994,0.0,0.01,18.0,0.08894518359436258,0.008213552361396304,call,745.6400146484375
825.0,0.32031929687499994,0.0,0.01,22.0,0.10114045668818084,0.008213552361396304,call,745.6400146484375
830.0,0.3398503515625,0.0,0.01,2.0,0.10718277114414336,0.008213552361396304,call,745.6400146484375
835.0,0.35938140625,0.0,0.01,,0.11318879520435532,0.008213552361396304,call,745.6400146484375
840.0,0.37500625,0.0,0.01,14.0,0.11915896219085904,0.008213552361396304,call,745.6400146484375
500.0,1.09375453125,0.0,0.01,12.0,-0.3996348312243085,0.008213552361396304,put,745.6400146484375
510.0,1.0625046875000002,0.0,0.01,,-0.37983220392812866,0.008213552361396304,put,745.6400146484375
515.0,1.0312548437500002,0.0,0.01,,-0.370076028982764,0.008213552361396304,put,745.6400146484375
535.0,0.937500625,0.0,0.01,77.0,-0.3319761827504936,0.008213552361396304,put,745.6400146484375
550.0,0.8437515624999999,0.0,0.01,,-0.3043246514199836,0.008213552361396304,put,745.6400146484375
560.0,0.8125018749999999,0.0,0.01,246.0,-0.2863061459173053,0.008213552361396304,put,745.6400146484375
565.0,0.7812521875,0.0,0.01,101.0,-0.2774171985000593,0.008213552361396304,put,745.6400146484375
570.0,0.7500025,0.0,0.01,300.0,-0.2686065688179044,0.008213552361396304,put,745.6400146484375
575.0,0.73437765625,0.0,0.01,9.0,-0.2598728888491498,0.008213552361396304,put,745.6400146484375
580.0,0.7187528125,0.0,0.01,8.0,-0.25121482610603507,0.008213552361396304,put,745.6400146484375
585.0,0.6875031250000001,0.0,0.01,100.0,-0.24263108241464362,0.008213552361396304,put,745.6400146484375
595.0,0.64062859375,0.0,0.01,360.0,-0.22568152410087036,0.008213552361396304,put,745.6400146484375
600.0,0.6250037500000001,0.0,0.01,369.0,-0.21731327443035378,0.008213552361396304,put,745.6400146484375
605.0,0.5937540625000001,0.0,0.01,1.0,-0.2090144716156587,0.008213552361396304,put,745.6400146484375
610.0,0.57812921875,0.0,0.01,1.0,-0.20078397247914323,0.008213552361396304,put,745.6400146484375
615.0,0.5625043750000001,0.0,0.01,120.0,-0.1926206618399823,0.008213552361396304,put,745.6400146484375
620.0,0.5312546875,0.0,0.01,486.0,-0.18452345160736294,0.008213552361396304,put,745.6400146484375
625.0,0.51562984375,0.0,0.01,615.0,-0.1764912799100987,0.008213552361396304,put,745.6400146484375
630.0,0.51562984375,0.0,0.01,183.0,-0.16852311026092182,0.008213552361396304,put,745.6400146484375
635.0,0.500005,0.0,0.01,5.0,-0.16061793075380856,0.008213552361396304,put,745.6400146484375
640.0,0.476567734375,0.0,0.01,15.0,-0.15277475329278267,0.008213552361396304,put,745.6400146484375
645.0,0.45313046875,0.0,0.01,17.0,-0.14499261285072773,0.008213552361396304,put,745.6400146484375
650.0,0.42969320312500003,0.0,0.01,93.0,-0.13727056675681742,0.008213552361396304,put,745.6400146484375
655.0,0.4062559375,0.0,0.01,503.0,-0.1296076940112483,0.008213552361396304,put,745.6400146484375
660.0,0.38281867187499996,0.0,0.01,342.0,-0.12200309462602889,0.008213552361396304,put,745.6400146484375
665.0,0.38672488281249995,0.01,0.02,21.0,-0.11445588899064599,0.008213552361396304,put,745.6400146484375
670.0,0.3632876171875,0.01,0.02,175.0,-0.10696521726148839,0.008213552361396304,put,745.6400146484375
675.0,0.3398503515625,0.01,0.02,3.0,-0.09953023877397033,0.008213552361396304,put,745.6400146484375
680.0,0.31641308593749995,0.01,0.02,497.0,-0.09215013147634776,0.008213552361396304,put,745.6400146484375
685.0,0.30664755859375,0.02,0.03,413.0,-0.08482409138427487,0.008213552361396304,put,745.6400146484375
690.0,0.28321029296874994,0.02,0.03,200.0,-0.0775513320551951,0.008213552361396304,put,745.6400146484375
691.0,0.27930408203124996,0.02,0.03,74.0,-0.07610310587883025,0.008213552361396304,put,745.6400146484375
692.0,0.273444765625,0.02,0.03,33.0,-0.07465697402883055,0.008213552361396304,put,745.6400146484375
693.0,0.27735097656249996,0.03,0.04,93.0,-0.07321293045659699,0.008213552361396304,put,745.6400146484375
694.0,0.273444765625,0.03,0.04,424.0,-0.07177096913969569,0.008213552361396304,put,745.6400146484375
695.0,0.26758544921875,0.03,0.04,487.0,-0.07033108408170805,0.008213552361396304,put,745.6400146484375
696.0,0.26367923828125,0.03,0.04,55.0,-0.06889326931208051,0.008213552361396304,put,745.6400146484375
697.0,0.257819921875,0.03,0.04,597.0,-0.06745751888597624,0.008213552361396304,put,745.6400146484375
698.0,0.25391371093750004,0.03,0.04,592.0,-0.06602382688412775,0.008213552361396304,put,745.6400146484375
699.0,0.24805439453125,0.03,0.04,140.0,-0.06459218741268995,0.008213552361396304,put,745.6400146484375
700.0,0.2500075,0.04,0.05,1914.0,-0.0631625946030955,0.008213552361396304,put,745.6400146484375
701.0,0.245124736328125,0.04,0.05,693.0,-0.06173504261191007,0.008213552361396304,put,745.6400146484375
702.0,0.24024197265624997,0.04,0.05,486.0,-0.06030952562068902,0.008213552361396304,put,745.6400146484375
703.0,0.23535920898437498,0.04,0.05,50.0,-0.05888603783583533,0.008213552361396304,put,745.6400146484375
704.0,0.2304764453125,0.04,0.05,971.0,-0.057464573488457814,0.008213552361396304,put,745.6400146484375
705.0,0.225593681640625,0.04,0.05,369.0,-0.05604512683423154,0.008213552361396304,put,745.6400146484375
706.0,0.225593681640625,0.05,0.06,2352.0,-0.05462769215325809,0.008213552361396304,put,745.6400146484375
707.0,0.22071091796874998,0.05,0.06,357.0,-0.05321226374992739,0.008213552361396304,put,745.6400146484375
708.0,0.2148516015625,0.05,0.06,1173.0,-0.05179883595278036,0.008213552361396304,put,745.6400146484375
709.0,0.20996883789062498,0.05,0.06,2244.0,-0.05038740311437272,0.008213552361396304,put,745.6400146484375
710.0,0.20508607421874997,0.05,0.06,3376.0,-0.04897795961113909,0.008213552361396304,put,745.6400146484375
711.0,0.20410952148437497,0.06,0.07,389.0,-0.0475704998432593,0.008213552361396304,put,745.6400146484375
712.0,0.19873848144531248,0.06,0.07,1251.0,-0.04616501823452439,0.008213552361396304,put,745.6400146484375
713.0,0.19336744140625,0.06,0.07,812.0,-0.0447615092322042,0.008213552361396304,put,745.6400146484375
714.0,0.1914143359375,0.07,0.08,919.0,-0.04335996730691584,0.008213552361396304,put,745.6400146484375
715.0,0.186531572265625,0.07,0.08,9541.0,-0.04196038695249255,0.008213552361396304,put,745.6400146484375
716.0,0.18116053222656248,0.07,0.08,12325.0,-0.04056276268585457,0.008213552361396304,put,745.6400146484375
717.0,0.178719150390625,0.08,0.09,1223.0,-0.0391670890468798,0.008213552361396304,put,745.6400146484375
718.0,0.1733481103515625,0.08,0.09,4421.0,-0.037773360598275955,0.008213552361396304,put,745.6400146484375
719.0,0.17041845214843754,0.09,0.1,1780.0,-0.03638157192545343,0.008213552361396304,put,745.6400146484375
720.0,0.16748879394531252,0.1,0.11,6760.0,-0.03499171763639922,0.008213552361396304,put,745.6400146484375
721.0,0.16407085937500002,0.11,0.12,1349.0,-0.033603792361551116,0.008213552361396304,put,745.6400146484375
722.0,0.1606529248046875,0.12,0.13,1880.0,-0.03221779075367394,0.008213552361396304,put,745.6400146484375
723.0,0.15674671386718753,0.13,0.14,2143.0,-0.03083370748773546,0.008213552361396304,put,745.6400146484375
724.0,0.15259636474609378,0.14,0.15,3414.0,-0.02945153726078376,0.008213552361396304,put,745.6400146484375
725.0,0.14991084472656252,0.16,0.17,12000.0,-0.028071274791825442,0.008213552361396304,put,745.6400146484375
726.0,0.145516357421875,0.17,0.18,6434.0,-0.02669291482170411,0.008213552361396304,put,745.6400146484375
727.0,0.1420984228515625,0.19,0.2,10187.0,-0.025316452112980812,0.008213552361396304,put,745.6400146484375
728.0,0.13990117919921874,0.22,0.23,9335.0,-0.023941881449814184,0.008213552361396304,put,745.6400146484375
729.0,0.1368494519042969,0.25,0.26,8041.0,-0.022569197637841987,0.008213552361396304,put,745.6400146484375
730.0,0.13343151733398437,0.28,0.29,26705.0,-0.021198395504063414,0.008213552361396304,put,745.6400146484375
731.0,0.13050185913085935,0.32,0.33,16660.0,-0.019829469896721703,0.008213552361396304,put,745.6400146484375
732.0,0.12708392456054687,0.36,0.37,3758.0,-0.018462415685188624,0.008213552361396304,put,745.6400146484375
733.0,0.12464254272460937,0.41,0.43,7558.0,-0.01709722775984867,0.008213552361396304,put,745.6400146484375
734.0,0.1215908154296875,0.48,0.49,6914.0,-0.01573390103198456,0.008213552361396304,put,745.6400146484375
735.0,0.11841701904296875,0.55,0.56,44521.0,-0.014372430433663444,0.008213552361396304,put,745.6400146484375
736.0,0.11524322265625,0.63,0.64,5556.0,-0.013012810917623975,0.008213552361396304,put,745.6400146484375
737.0,0.11243563354492186,0.72,0.74,8398.0,-0.011655037457163587,0.008213552361396304,put,745.6400146484375
738.0,0.10920080261230468,0.84,0.85,13361.0,-0.010299105046027674,0.008213552361396304,put,745.6400146484375
739.0,0.10602700622558593,0.96,0.98,9830.0,-0.008945008698298375,0.008213552361396304,put,745.6400146484375
740.0,0.10273114074707031,1.11,1.13,43931.0,-0.0075927434482846905,0.008213552361396304,put,745.6400146484375
741.0,0.09961837890625,1.29,1.31,10117.0,-0.006242304350413332,0.008213552361396304,put,745.6400146484375
742.0,0.09644458251953125,1.5,1.52,14721.0,-0.0048936864791197495,0.008213552361396304,put,745.6400146484375
743.0,0.09296561340332031,1.74,1.76,35223.0,-0.003546884928741012,0.008213552361396304,put,745.6400146484375
744.0,0.0901580242919922,2.03,2.06,25091.0,-0.0022018948134082906,0.008213552361396304,put,745.6400146484375
745.0,0.08698422790527345,2.37,2.4,44132.0,-0.00085871126694062,0.008213552361396304,put,745.6400146484375
746.0,0.08399353515625002,2.78,2.8,45624.0,0.00048267055726062495,0.008213552361396304,put,745.6400146484375
747.0,0.08258974060058595,3.19,3.31,41503.0,0.0018222554863171012,0.008213552361396304,put,745.6400146484375
748.0,0.07996525512695313,3.75,3.85,30167.0,0.003160048327977059,0.008213552361396304,put,745.6400146484375
749.0,0.07709663146972658,4.33,4.45,5955.0,0.004496053870719315,0.008213552361396304,put,745.6400146484375
750.0,0.07416697326660157,5.0,5.12,6172.0,0.005830276883855982,0.008213552361396304,put,745.6400146484375
751.0,0.07117628051757813,5.74,5.86,888.0,0.0071627221176346215,0.008213552361396304,put,745.6400146484375
752.0,0.06714800048828126,6.52,6.65,1951.0,0.008493394303339723,0.008213552361396304,put,745.6400146484375
753.0,0.06128868408203126,7.36,7.49,2723.0,0.009822298153393496,0.008213552361396304,put,745.6400146484375
754.0,0.08326112060546878,8.14,8.67,968.0,0.011149438361455792,0.008213552361396304,put,745.6400146484375
755.0,0.1098721826171875,9.04,9.97,873.0,0.012474819602524443,0.008213552361396304,put,745.6400146484375
756.0,0.07618111328125002,9.69,10.46,832.0,0.01379844653303276,0.008213552361396304,put,745.6400146484375
758.0,0.07569283691406252,11.53,12.4,167.0,0.016440455995871458,0.008213552361396304,put,745.6400146484375
759.0,0.147469462890625,12.48,14.08,106.0,0.01775884774912975,0.008213552361396304,put,745.6400146484375
760.0,0.1694418994140625,12.82,15.32,3819.0,0.019075503633876605,0.008213552361396304,put,745.6400146484375
761.0,0.17664397583007813,13.81,16.31,18.0,0.020390428215185698,0.008213552361396304,put,745.6400146484375
766.0,0.22205367797851558,18.74,21.43,1.0,0.026939240094091047,0.008213552361396304,put,745.6400146484375
769.0,0.24414818359375,21.63,24.43,1.0,0.03084803985914378,0.008213552361396304,put,745.6400146484375
660.0,0.5488326367187502,84.73,87.55,1.0,-0.12200309462602889,0.010951403148528405,call,745.6400146484375
665.0,0.5185595019531251,79.73,82.53,1.0,-0.11445588899064599,0.010951403148528405,call,745.6400146484375
680.0,0.5788616333007812,64.75,67.57,1.0,-0.09215013147634776,0.010951403148528405,call,745.6400146484375
690.0,0.5076953527832031,54.76,57.56,2.0,-0.0775513320551951,0.010951403148528405,call,745.6400146484375
692.0,0.4935353381347657,52.76,55.56,6.0,-0.07465697402883055,0.010951403148528405,call,745.6400146484375
694.0,0.47998566894531247,50.77,53.57,1.0,-0.07177096913969569,0.010951403148528405,call,745.6400146484375
700.0,0.4376276940917969,44.78,47.58,20.0,-0.0631625946030955,0.010951403148528405,call,745.6400146484375
705.0,0.40259386474609377,39.8,42.6,12.0,-0.05604512683423154,0.010951403148528405,call,745.6400146484375
710.0,0.36817038085937503,34.83,37.64,4.0,-0.04897795961113909,0.010951403148528405,call,745.6400146484375
712.0,0.3526676062011719,32.85,35.63,2.0,-0.04616501823452439,0.010951403148528405,call,745.6400146484375
715.0,0.3316717224121094,29.88,32.66,86.0,-0.04196038695249255,0.010951403148528405,call,745.6400146484375
719.0,0.23743438354492186,26.9,27.55,3133.0,-0.03638157192545343,0.010951403148528405,call,745.6400146484375
720.0,0.23206334350585936,25.92,26.57,9140.0,-0.03499171763639922,0.010951403148528405,call,745.6400146484375
722.0,0.22095505615234373,23.96,24.61,2307.0,-0.03221779075367394,0.010951403148528405,call,745.6400146484375
723.0,0.2153398779296875,22.98,23.63,5236.0,-0.03083370748773546,0.010951403148528405,call,745.6400146484375
724.0,0.21009090698242186,22.01,22.66,2468.0,-0.02945153726078376,0.010951403148528405,call,745.6400146484375
725.0,0.2048419360351562,21.04,21.69,3431.0,-0.028071274791825442,0.010951403148528405,call,745.6400146484375
728.0,0.18909502319335939,18.23,18.8,397.0,-0.023941881449814184,0.010951403148528405,call,745.6400146484375
730.0,0.17896328857421873,16.26,16.9,3927.0,-0.021198395504063414,0.010951403148528405,call,745.6400146484375
731.0,0.17408052490234377,15.41,15.96,321.0,-0.019829469896721703,0.010951403148528405,call,745.6400146484375
733.0,0.16394879028320314,13.58,14.09,34.0,-0.01709722775984867,0.010951403148528405,call,745.6400146484375
734.0,0.1595543029785156,12.62,13.18,47.0,-0.01573390103198456,0.010951403148528405,call,745.6400146484375
735.0,0.15430533203125002,11.81,12.26,57.0,-0.014372430433663444,0.010951403148528405,call,745.6400146484375
736.0,0.1491173956298828,10.88,11.35,360.0,-0.013012810917623975,0.010951403148528405,call,745.6400146484375
737.0,0.1450280810546875,10.03,10.48,297.0,-0.011655037457163587,0.010951403148528405,call,745.6400146484375
738.0,0.13971807556152344,9.19,9.59,127.0,-0.010299105046027674,0.010951403148528405,call,745.6400146484375
739.0,0.1373377282714844,8.42,8.8,97.0,-0.008945008698298375,0.010951403148528405,call,745.6400146484375
740.0,0.1336146209716797,7.58,7.99,437.0,-0.0075927434482846905,0.010951403148528405,call,745.6400146484375
741.0,0.12854875366210936,6.88,7.16,243.0,-0.006242304350413332,0.010951403148528405,call,745.6400146484375
742.0,0.12372702453613281,6.16,6.36,394.0,-0.0048936864791197495,0.010951403148528405,call,745.6400146484375
743.0,0.12049219360351562,5.45,5.64,758.0,-0.003546884928741012,0.010951403148528405,call,745.6400146484375
744.0,0.1175015008544922,4.76,4.96,1164.0,-0.0022018948134082906,0.010951403148528405,call,745.6400146484375
745.0,0.1141140835571289,4.16,4.3,3590.0,-0.00085871126694062,0.010951403148528405,call,745.6400146484375
746.0,0.11072666625976563,3.65,3.68,5877.0,0.00048267055726062495,0.010951403148528405,call,745.6400146484375
747.0,0.10822424987792968,3.1,3.13,12176.0,0.0018222554863171012,0.010951403148528405,call,745.6400146484375
748.0,0.10584390258789061,2.61,2.63,9580.0,0.003160048327977059,0.010951403148528405,call,745.6400146484375
749.0,0.10389079711914062,2.17,2.19,4219.0,0.004496053870719315,0.010951403148528405,call,745.6400146484375
750.0,0.10205976074218749,1.78,1.8,8587.0,0.005830276883855982,0.010951403148528405,call,745.6400146484375
751.0,0.10071700073242187,1.44,1.47,3352.0,0.0071627221176346215,0.010951403148528405,call,745.6400146484375
752.0,0.0993132061767578,1.15,1.18,5591.0,0.008493394303339723,0.010951403148528405,call,745.6400146484375
753.0,0.09778734252929688,0.91,0.93,1440.0,0.009822298153393496,0.010951403148528405,call,745.6400146484375
754.0,0.09681078979492189,0.71,0.73,2104.0,0.011149438361455792,0.010951403148528405,call,745.6400146484375
755.0,0.09559009887695313,0.55,0.56,2948.0,0.012474819602524443,0.010951403148528405,call,745.6400146484375
756.0,0.09559009887695313,0.42,0.44,4829.0,0.01379844653303276,0.010951403148528405,call,745.6400146484375
757.0,0.09473561523437501,0.32,0.33,1618.0,0.015120323790948558,0.010951403148528405,call,745.6400146484375
758.0,0.09522389160156251,0.24,0.26,2066.0,0.016440455995871458,0.010951403148528405,call,745.6400146484375
759.0,0.09546802978515626,0.19,0.2,947.0,0.01775884774912975,0.010951403148528405,call,745.6400146484375
760.0,0.09644458251953125,0.15,0.16,2291.0,0.019075503633876605,0.010951403148528405,call,745.6400146484375
761.0,0.09790941162109376,0.12,0.13,956.0,0.020390428215185698,0.010951403148528405,call,745.6400146484375
762.0,0.1001066552734375,0.1,0.11,861.0,0.021703626040146157,0.010951403148528405,call,745.6400146484375
763.0,0.10157148437499999,0.08,0.09,1180.0,0.02301510163795691,0.010951403148528405,call,745.6400146484375
764.0,0.10450114257812498,0.07,0.08,2637.0,0.024324859520020416,0.010951403148528405,call,745.6400146484375
765.0,0.1069425244140625,0.06,0.07,1648.0,0.025632904180035564,0.010951403148528405,call,745.6400146484375
766.0,0.1088956298828125,0.05,0.06,260.0,0.026939240094091047,0.010951403148528405,call,745.6400146484375
767.0,0.1132901171875,0.05,0.06,396.0,0.028243871720755955,0.010951403148528405,call,745.6400146484375
768.0,0.1147549462890625,0.04,0.05,340.0,0.029546803501171955,0.010951403148528405,call,745.6400146484375
769.0,0.11914943359374999,0.04,0.05,227.0,0.03084803985914378,0.010951403148528405,call,745.6400146484375
770.0,0.12012598632812499,0.03,0.04,1988.0,0.03214758520122936,0.010951403148528405,call,745.6400146484375
771.0,0.124032197265625,0.03,0.04,229.0,0.03344544391682934,0.010951403148528405,call,745.6400146484375
772.0,0.127938408203125,0.03,0.04,9.0,0.034741620378276036,0.010951403148528405,call,745.6400146484375
773.0,0.127938408203125,0.02,0.03,62.0,0.03603611894092185,0.010951403148528405,call,745.6400146484375
774.0,0.131844619140625,0.02,0.03,44.0,0.03732894394322702,0.010951403148528405,call,745.6400146484375
775.0,0.13575083007812502,0.02,0.03,126.0,0.038620099706846926,0.010951403148528405,call,745.6400146484375
780.0,0.15528188476562502,0.02,0.03,805.0,0.04505099003713724,0.010951403148528405,call,745.6400146484375
785.0,0.16797707031250003,0.01,0.02,779.0,0.05144078813590835,0.010951403148528405,call,745.6400146484375
790.0,0.18555501953124998,0.01,0.02,396.0,0.057790015814566977,0.010951403148528405,call,745.6400146484375
795.0,0.20313296874999998,0.01,0.02,1.0,0.0640991850078318,0.010951403148528405,call,745.6400146484375
800.0,0.22071091796874998,0.01,0.02,5.0,0.07036879802142708,0.010951403148528405,call,745.6400146484375
805.0,0.22266402343749997,0.0,0.01,2.0,0.07659934777206326,0.010951403148528405,call,745.6400146484375
810.0,0.23828886718749998,0.0,0.01,3.0,0.08279131801998423,0.010951403148528405,call,745.6400146484375
815.0,0.257819921875,0.0,0.01,2.0,0.08894518359436258,0.010951403148528405,call,745.6400146484375
820.0,0.273444765625,0.0,0.01,81.0,0.09506141061179856,0.010951403148528405,call,745.6400146484375
835.0,0.32031929687499994,0.0,0.01,,0.11318879520435532,0.010951403148528405,call,745.6400146484375
505.0,0.9687503125,0.0,0.01,10.0,-0.3896845003711403,0.010951403148528405,put,745.6400146484375
535.0,0.8281267187499999,0.0,0.01,1.0,-0.3319761827504936,0.010951403148528405,put,745.6400146484375
545.0,0.7812521875,0.0,0.01,100.0,-0.3134571349832561,0.010951403148528405,put,745.6400146484375
550.0,0.7656273437500001,0.0,0.01,100.0,-0.3043246514199836,0.010951403148528405,put,745.6400146484375
555.0,0.7500025,0.0,0.01,11.0,-0.2952748159000657,0.010951403148528405,put,745.6400146484375
565.0,0.70312796875,0.0,0.01,10.0,-0.2774171985000593,0.010951403148528405,put,745.6400146484375
570.0,0.6875031250000001,0.0,0.01,206.0,-0.2686065688179044,0.010951403148528405,put,745.6400146484375
600.0,0.5625043750000001,0.0,0.01,200.0,-0.21731327443035378,0.010951403148528405,put,745.6400146484375
620.0,0.507817421875,0.0,0.01,2.0,-0.18452345160736294,0.010951403148528405,put,745.6400146484375
635.0,0.445318046875,0.0,0.01,214.0,-0.16061793075380856,0.010951403148528405,put,745.6400146484375
640.0,0.44922425781249997,0.01,0.02,2.0,-0.15277475329278267,0.010951403148528405,put,745.6400146484375
645.0,0.42969320312500003,0.01,0.02,460.0,-0.14499261285072773,0.010951403148528405,put,745.6400146484375
650.0,0.4101621484375,0.01,0.02,15.0,-0.13727056675681742,0.010951403148528405,put,745.6400146484375
655.0,0.38672488281249995,0.01,0.02,103.0,-0.1296076940112483,0.010951403148528405,put,745.6400146484375
660.0,0.367193828125,0.01,0.02,30.0,-0.12200309462602889,0.010951403148528405,put,745.6400146484375
665.0,0.35938140625,0.02,0.03,37.0,-0.11445588899064599,0.010951403148528405,put,745.6400146484375
670.0,0.3398503515625,0.02,0.03,69.0,-0.10696521726148839,0.010951403148528405,put,745.6400146484375
675.0,0.32813171874999997,0.03,0.04,15.0,-0.09953023877397033,0.010951403148528405,put,745.6400146484375
680.0,0.304694453125,0.03,0.04,61.0,-0.09215013147634776,0.010951403148528405,put,745.6400146484375
685.0,0.2910227148437499,0.04,0.05,33.0,-0.08482409138427487,0.010951403148528405,put,745.6400146484375
690.0,0.26856200195312496,0.04,0.05,6.0,-0.0775513320551951,0.010951403148528405,put,745.6400146484375
692.0,0.26563234375,0.05,0.06,42.0,-0.07465697402883055,0.010951403148528405,put,745.6400146484375
693.0,0.260749580078125,0.05,0.06,23.0,-0.07321293045659699,0.010951403148528405,put,745.6400146484375
694.0,0.25586681640625003,0.05,0.06,89.0,-0.07177096913969569,0.010951403148528405,put,745.6400146484375
695.0,0.25196060546875,0.05,0.06,26.0,-0.07033108408170805,0.010951403148528405,put,745.6400146484375
696.0,0.247077841796875,0.05,0.06,4.0,-0.06889326931208051,0.010951403148528405,put,745.6400146484375
697.0,0.247077841796875,0.06,0.07,6.0,-0.06745751888597624,0.010951403148528405,put,745.6400146484375
698.0,0.243171630859375,0.06,0.07,49.0,-0.06602382688412775,0.010951403148528405,put,745.6400146484375
699.0,0.23828886718749998,0.06,0.07,9.0,-0.06459218741268995,0.010951403148528405,put,745.6400146484375
700.0,0.23731231445312498,0.07,0.08,248.0,-0.0631625946030955,0.010951403148528405,put,745.6400146484375
701.0,0.2329178271484375,0.07,0.08,140.0,-0.06173504261191007,0.010951403148528405,put,745.6400146484375
702.0,0.22852333984375,0.07,0.08,7.0,-0.06030952562068902,0.010951403148528405,put,745.6400146484375
703.0,0.22364057617187497,0.07,0.08,176.0,-0.05888603783583533,0.010951403148528405,put,745.6400146484375
704.0,0.22266402343749997,0.08,0.09,13.0,-0.057464573488457814,0.010951403148528405,put,745.6400146484375
705.0,0.21778125976562498,0.08,0.09,110.0,-0.05604512683423154,0.010951403148528405,put,745.6400146484375
706.0,0.215828154296875,0.09,0.1,45.0,-0.05462769215325809,0.010951403148528405,put,745.6400146484375
707.0,0.21094539062499998,0.09,0.1,61.0,-0.05321226374992739,0.010951403148528405,put,745.6400146484375
708.0,0.20899228515624996,0.1,0.11,524.0,-0.05179883595278036,0.010951403148528405,put,745.6400146484375
709.0,0.20410952148437497,0.1,0.11,6.0,-0.05038740311437272,0.010951403148528405,put,745.6400146484375
710.0,0.1992267578125,0.1,0.11,364.0,-0.04897795961113909,0.010951403148528405,put,745.6400146484375
711.0,0.1992267578125,0.12,0.13,163.0,-0.0475704998432593,0.010951403148528405,put,745.6400146484375
712.0,0.19678537597656248,0.13,0.14,289.0,-0.04616501823452439,0.010951403148528405,put,745.6400146484375
713.0,0.1914143359375,0.13,0.14,308.0,-0.0447615092322042,0.010951403148528405,put,745.6400146484375
714.0,0.188484677734375,0.14,0.15,134.0,-0.04335996730691584,0.010951403148528405,put,745.6400146484375
715.0,0.18531088134765622,0.15,0.16,404.0,-0.04196038695249255,0.010951403148528405,put,745.6400146484375
716.0,0.18360191406249998,0.17,0.18,705.0,-0.04056276268585457,0.010951403148528405,put,745.6400146484375
717.0,0.17847501220703127,0.17,0.18,402.0,-0.0391670890468798,0.010951403148528405,put,745.6400146484375
718.0,0.17627776855468752,0.19,0.2,233.0,-0.037773360598275955,0.010951403148528405,put,745.6400146484375
719.0,0.17383638671875,0.21,0.22,312.0,-0.03638157192545343,0.010951403148528405,put,745.6400146484375
720.0,0.17115086669921875,0.23,0.24,1255.0,-0.03499171763639922,0.010951403148528405,put,745.6400146484375
721.0,0.1682212084960938,0.24,0.26,861.0,-0.033603792361551116,0.010951403148528405,put,745.6400146484375
722.0,0.165047412109375,0.27,0.28,355.0,-0.03221779075367394,0.010951403148528405,put,745.6400146484375
723.0,0.16162947753906248,0.29,0.3,1641.0,-0.03083370748773546,0.010951403148528405,put,745.6400146484375
724.0,0.15894395751953128,0.32,0.33,388.0,-0.02945153726078376,0.010951403148528405,put,745.6400146484375
725.0,0.15589223022460938,0.35,0.36,1848.0,-0.028071274791825442,0.010951403148528405,put,745.6400146484375
726.0,0.15259636474609378,0.38,0.39,855.0,-0.02669291482170411,0.010951403148528405,put,745.6400146484375
727.0,0.14991084472656252,0.42,0.43,15120.0,-0.025316452112980812,0.010951403148528405,put,745.6400146484375
728.0,0.14673704833984375,0.46,0.47,943.0,-0.023941881449814184,0.010951403148528405,put,745.6400146484375
729.0,0.14405152832031248,0.51,0.52,583.0,-0.022569197637841987,0.010951403148528405,put,745.6400146484375
730.0,0.14087773193359376,0.56,0.57,3763.0,-0.021198395504063414,0.010951403148528405,put,745.6400146484375
731.0,0.13794807373046875,0.62,0.63,1186.0,-0.019829469896721703,0.010951403148528405,put,745.6400146484375
732.0,0.13514048461914066,0.68,0.7,1769.0,-0.018462415685188624,0.010951403148528405,put,745.6400146484375
733.0,0.13233289550781252,0.77,0.78,3023.0,-0.01709722775984867,0.010951403148528405,put,745.6400146484375
734.0,0.1295863409423828,0.85,0.87,1299.0,-0.01573390103198456,0.010951403148528405,put,745.6400146484375
735.0,0.12671771728515624,0.95,0.97,4035.0,-0.014372430433663444,0.010951403148528405,put,745.6400146484375
736.0,0.12372702453613281,1.06,1.08,1205.0,-0.013012810917623975,0.010951403148528405,put,745.6400146484375
737.0,0.12055322814941406,1.18,1.2,2576.0,-0.011655037457163587,0.010951403148528405,put,745.6400146484375
738.0,0.1178677081298828,1.33,1.35,1322.0,-0.010299105046027674,0.010951403148528405,put,745.6400146484375
739.0,0.11518218811035157,1.5,1.52,1568.0,-0.008945008698298375,0.010951403148528405,put,745.6400146484375
740.0,0.11206942626953123,1.68,1.7,7557.0,-0.0075927434482846905,0.010951403148528405,put,745.6400146484375
741.0,0.10944494079589843,1.9,1.92,1251.0,-0.006242304350413332,0.010951403148528405,put,745.6400146484375
742.0,0.10682045532226564,2.14,2.17,1605.0,-0.0048936864791197495,0.010951403148528405,put,745.6400146484375
743.0,0.10413493530273435,2.42,2.45,2350.0,-0.003546884928741012,0.010951403148528405,put,745.6400146484375
744.0,0.10120527709960936,2.74,2.76,2678.0,-0.0022018948134082906,0.010951403148528405,put,745.6400146484375
745.0,0.09888596435546876,3.1,3.13,16081.0,-0.00085871126694062,0.010951403148528405,put,745.6400146484375
746.0,0.09638354797363281,3.5,3.54,7057.0,0.00048267055726062495,0.010951403148528405,put,745.6400146484375
747.0,0.09369802795410156,3.96,3.99,8440.0,0.0018222554863171012,0.010951403148528405,put,745.6400146484375
748.0,0.0945525115966797,4.42,4.61,4825.0,0.003160048327977059,0.010951403148528405,put,745.6400146484375
749.0,0.09217216430664063,4.97,5.17,1412.0,0.004496053870719315,0.010951403148528405,put,745.6400146484375
750.0,0.08997492065429688,5.59,5.79,1778.0,0.005830276883855982,0.010951403148528405,put,745.6400146484375
751.0,0.09058526611328124,6.16,6.54,310.0,0.0071627221176346215,0.010951403148528405,put,745.6400146484375
752.0,0.08893733337402344,6.93,7.27,77.0,0.008493394303339723,0.010951403148528405,put,745.6400146484375
753.0,0.08289491333007815,7.64,7.95,392.0,0.009822298153393496,0.010951403148528405,put,745.6400146484375
755.0,0.08472594970703126,9.28,9.73,124.0,0.012474819602524443,0.010951403148528405,put,745.6400146484375
756.0,0.08338318969726566,10.12,10.62,17.0,0.01379844653303276,0.010951403148528405,put,745.6400146484375
757.0,0.08033146240234376,11.02,11.52,314.0,0.015120323790948558,0.010951403148528405,put,745.6400146484375
758.0,0.07837835693359377,11.97,12.46,884.0,0.016440455995871458,0.010951403148528405,put,745.6400146484375
760.0,0.07032179687500001,13.85,14.38,10352.0,0.019075503633876605,0.010951403148528405,put,745.6400146484375
765.0,0.19184157775878907,17.74,20.43,4.0,0.025632904180035564,0.010951403148528405,put,745.6400146484375
770.0,0.22486126708984372,22.63,25.43,1.0,0.03214758520122936,0.010951403148528405,put,745.6400146484375
775.0,0.25659923095703124,27.63,30.43,,0.038620099706846926,0.010951403148528405,put,745.6400146484375
630.0,0.6682162084960939,114.79,117.58,1.0,-0.16852311026092182,0.013689253935660506,call,745.6400146484375
665.0,0.6278113391113282,79.82,82.62,1.0,-0.11445588899064599,0.013689253935660506,call,745.6400146484375
675.0,0.5667767932128907,69.84,72.66,8.0,-0.09953023877397033,0.013689253935660506,call,745.6400146484375
685.0,0.5035450036621094,59.86,62.68,28.0,-0.08482409138427487,0.013689253935660506,call,745.6400146484375
700.0,0.4074766284179688,44.91,47.72,3.0,-0.0631625946030955,0.013689253935660506,call,745.6400146484375
709.0,0.34998208618164056,35.98,38.78,4.0,-0.05038740311437272,0.013689253935660506,call,745.6400146484375
711.0,0.3372258660888672,34.0,36.8,8.0,-0.0475704998432593,0.013689253935660506,call,745.6400146484375
714.0,0.31830515686035155,31.04,33.84,2.0,-0.04335996730691584,0.013689253935660506,call,745.6400146484375
720.0,0.28125718749999995,25.18,27.97,60.0,-0.03499171763639922,0.013689253935660506,call,745.6400146484375
725.0,0.2020343469238281,21.44,21.99,17.0,-0.028071274791825442,0.013689253935660506,call,745.6400146484375
727.0,0.192390888671875,19.53,20.08,6.0,-0.025316452112980812,0.013689253935660506,call,745.6400146484375
730.0,0.17865811584472657,16.75,17.26,313.0,-0.021198395504063414,0.013689253935660506,call,745.6400146484375
732.0,0.1695639685058594,14.97,15.41,748.0,-0.018462415685188624,0.013689253935660506,call,745.6400146484375
733.0,0.16523051574707032,14.04,14.5,85.0,-0.01709722775984867,0.013689253935660506,call,745.6400146484375
734.0,0.16162947753906248,13.22,13.62,5.0,-0.01573390103198456,0.013689253935660506,call,745.6400146484375
735.0,0.15766223205566404,12.37,12.74,40.0,-0.014372430433663444,0.013689253935660506,call,745.6400146484375
736.0,0.15436636657714847,11.51,11.89,62.0,-0.013012810917623975,0.013689253935660506,call,745.6400146484375
737.0,0.15027705200195315,10.68,11.03,130.0,-0.011655037457163587,0.013689253935660506,call,745.6400146484375
738.0,0.14606566833496093,9.86,10.18,62.0,-0.010299105046027674,0.013689253935660506,call,745.6400146484375
739.0,0.1431970446777344,9.03,9.39,111.0,-0.008945008698298375,0.013689253935660506,call,745.6400146484375
740.0,0.13861945373535156,8.27,8.56,5238.0,-0.0075927434482846905,0.013689253935660506,call,745.6400146484375
741.0,0.1348963464355469,7.55,7.78,402.0,-0.006242304350413332,0.013689253935660506,call,745.6400146484375
742.0,0.13196668823242189,6.82,7.05,421.0,-0.0048936864791197495,0.013689253935660506,call,745.6400146484375
743.0,0.12915909912109375,6.13,6.35,341.0,-0.003546884928741012,0.013689253935660506,call,745.6400146484375
744.0,0.1266566827392578,5.46,5.69,304.0,-0.0022018948134082906,0.013689253935660506,call,745.6400146484375
745.0,0.12256736816406251,4.97,5.0,1288.0,-0.00085871126694062,0.013689253935660506,call,745.6400146484375
746.0,0.12024805541992187,4.38,4.41,2988.0,0.00048267055726062495,0.013689253935660506,call,745.6400146484375
747.0,0.11805081176757812,3.83,3.86,3380.0,0.0018222554863171012,0.013689253935660506,call,745.6400146484375
748.0,0.11597563720703125,3.32,3.35,4673.0,0.003160048327977059,0.013689253935660506,call,745.6400146484375
749.0,0.1139309799194336,2.85,2.88,2660.0,0.004496053870719315,0.013689253935660506,call,745.6400146484375
750.0,0.11219149536132811,2.43,2.46,3108.0,0.005830276883855982,0.013689253935660506,call,745.6400146484375
751.0,0.11054356262207031,2.05,2.08,1232.0,0.0071627221176346215,0.013689253935660506,call,745.6400146484375
752.0,0.1088956298828125,1.72,1.74,822.0,0.008493394303339723,0.013689253935660506,call,745.6400146484375
753.0,0.10767493896484376,1.43,1.45,1874.0,0.009822298153393496,0.013689253935660506,call,745.6400146484375
754.0,0.10633217895507813,1.17,1.19,864.0,0.011149438361455792,0.013689253935660506,call,745.6400146484375
755.0,0.10517252258300781,0.95,0.97,1826.0,0.012474819602524443,0.013689253935660506,call,745.6400146484375
756.0,0.10444010803222654,0.77,0.79,497.0,0.01379844653303276,0.013689253935660506,call,745.6400146484375
757.0,0.10340252075195311,0.61,0.63,415.0,0.015120323790948558,0.013689253935660506,call,745.6400146484375
758.0,0.10254803710937499,0.49,0.5,488.0,0.016440455995871458,0.013689253935660506,call,745.6400146484375
759.0,0.10230389892578123,0.38,0.4,1330.0,0.01775884774912975,0.013689253935660506,call,745.6400146484375
760.0,0.10144941528320311,0.3,0.31,9817.0,0.019075503633876605,0.013689253935660506,call,745.6400146484375
761.0,0.10181562255859375,0.23,0.25,262.0,0.020390428215185698,0.013689253935660506,call,745.6400146484375
762.0,0.10205976074218749,0.18,0.2,581.0,0.021703626040146157,0.013689253935660506,call,745.6400146484375
763.0,0.10254803710937499,0.15,0.16,258.0,0.02301510163795691,0.013689253935660506,call,745.6400146484375
764.0,0.10328045166015623,0.12,0.13,1080.0,0.024324859520020416,0.013689253935660506,call,745.6400146484375
765.0,0.10474528076171874,0.1,0.11,633.0,0.025632904180035564,0.013689253935660506,call,745.6400146484375
766.0,0.10572183349609374,0.08,0.09,324.0,0.026939240094091047,0.013689253935660506,call,745.6400146484375
767.0,0.1079190771484375,0.07,0.08,66.0,0.028243871720755955,0.013689253935660506,call,745.6400146484375
768.0,0.1098721826171875,0.06,0.07,215.0,0.029546803501171955,0.013689253935660506,call,745.6400146484375
769.0,0.11133701171874999,0.05,0.06,138.0,0.03084803985914378,0.013689253935660506,call,745.6400146484375
770.0,0.1128018408203125,0.04,0.05,715.0,0.03214758520122936,0.013689253935660506,call,745.6400146484375
771.0,0.1167080517578125,0.04,0.05,93.0,0.03344544391682934,0.013689253935660506,call,745.6400146484375
772.0,0.117196328125,0.03,0.04,73.0,0.034741620378276036,0.013689253935660506,call,745.6400146484375
773.0,0.1211025390625,0.03,0.04,29.0,0.03603611894092185,0.013689253935660506,call,745.6400146484375
774.0,0.12500875,0.03,0.04,29.0,0.03732894394322702,0.013689253935660506,call,745.6400146484375
775.0,0.12842668457031248,0.03,0.04,165.0,0.038620099706846926,0.013689253935660506,call,745.6400146484375
780.0,0.141610146484375,0.02,0.03,47.0,0.04505099003713724,0.013689253935660506,call,745.6400146484375
785.0,0.15235222656250003,0.01,0.02,73.0,0.05144078813590835,0.013689253935660506,call,745.6400146484375
790.0,0.16993017578125003,0.01,0.02,357.0,0.057790015814566977,0.013689253935660506,call,745.6400146484375
795.0,0.18555501953124998,0.01,0.02,52.0,0.0640991850078318,0.013689253935660506,call,745.6400146484375
800.0,0.20117986328124998,0.01,0.02,84.0,0.07036879802142708,0.013689253935660506,call,745.6400146484375
805.0,0.21875781249999998,0.01,0.02,15.0,0.07659934777206326,0.013689253935660506,call,745.6400146484375
815.0,0.23438265625,0.0,0.01,1.0,0.08894518359436258,0.013689253935660506,call,745.6400146484375
830.0,0.27735097656249996,0.0,0.01,,0.10718277114414336,0.013689253935660506,call,745.6400146484375
865.0,0.37500625,0.0,0.01,,0.14848657728537912,0.013689253935660506,call,745.6400146484375
520.0,0.8125018749999999,0.0,0.01,100.0,-0.3604141180710271,0.013689253935660506,put,745.6400146484375
525.0,0.79687703125,0.0,0.01,100.0,-0.3508446670548764,0.013689253935660506,put,745.6400146484375
530.0,0.7812521875,0.0,0.01,100.0,-0.34136592310033265,0.013689253935660506,put,745.6400146484375
535.0,0.7500025,0.0,0.01,1.0,-0.3319761827504936,0.013689253935660506,put,745.6400146484375
570.0,0.6250037500000001,0.0,0.01,2.0,-0.2686065688179044,0.013689253935660506,put,745.6400146484375
595.0,0.5312546875,0.0,0.01,11.0,-0.22568152410087036,0.013689253935660506,put,745.6400146484375
600.0,0.51562984375,0.0,0.01,4.0,-0.21731327443035378,0.013689253935660506,put,745.6400146484375
615.0,0.507817421875,0.01,0.02,360.0,-0.1926206618399823,0.013689253935660506,put,745.6400146484375
620.0,0.48828636718750007,0.01,0.02,1.0,-0.18452345160736294,0.013689253935660506,put,745.6400146484375
625.0,0.4687553125,0.01,0.02,10.0,-0.1764912799100987,0.013689253935660506,put,745.6400146484375
635.0,0.42969320312500003,0.01,0.02,5.0,-0.16061793075380856,0.013689253935660506,put,745.6400146484375
640.0,0.4101621484375,0.01,0.02,2.0,-0.15277475329278267,0.013689253935660506,put,745.6400146484375
645.0,0.4062559375,0.02,0.03,2.0,-0.14499261285072773,0.013689253935660506,put,745.6400146484375
650.0,0.38672488281249995,0.02,0.03,316.0,-0.13727056675681742,0.013689253935660506,put,745.6400146484375
655.0,0.367193828125,0.02,0.03,66.0,-0.1296076940112483,0.013689253935660506,put,745.6400146484375
660.0,0.35938140625,0.03,0.04,2.0,-0.12200309462602889,0.013689253935660506,put,745.6400146484375
665.0,0.33789724609375,0.03,0.04,101.0,-0.11445588899064599,0.013689253935660506,put,745.6400146484375
670.0,0.32617861328125,0.04,0.05,6.0,-0.10696521726148839,0.013689253935660506,put,745.6400146484375
675.0,0.30664755859375,0.04,0.05,20.0,-0.09953023877397033,0.013689253935660506,put,745.6400146484375
680.0,0.2919992675781249,0.05,0.06,36.0,-0.09215013147634776,0.013689253935660506,put,745.6400146484375
685.0,0.27637442382812494,0.06,0.07,2.0,-0.08482409138427487,0.013689253935660506,put,745.6400146484375
690.0,0.26367923828125,0.08,0.09,21.0,-0.0775513320551951,0.013689253935660506,put,745.6400146484375
691.0,0.25928475097656256,0.08,0.09,15.0,-0.07610310587883025,0.013689253935660506,put,745.6400146484375
695.0,0.245124736328125,0.09,0.1,48.0,-0.07033108408170805,0.013689253935660506,put,745.6400146484375
696.0,0.24414818359375,0.1,0.11,5.0,-0.06889326931208051,0.013689253935660506,put,745.6400146484375
697.0,0.23975369628906246,0.1,0.11,108.0,-0.06745751888597624,0.013689253935660506,put,745.6400146484375
698.0,0.23828886718749998,0.11,0.12,18.0,-0.06602382688412775,0.013689253935660506,put,745.6400146484375
699.0,0.23389437988281248,0.11,0.12,166.0,-0.06459218741268995,0.013689253935660506,put,745.6400146484375
700.0,0.229499892578125,0.11,0.12,261.0,-0.0631625946030955,0.013689253935660506,put,745.6400146484375
701.0,0.22754678710937498,0.12,0.13,99.0,-0.06173504261191007,0.013689253935660506,put,745.6400146484375
702.0,0.225593681640625,0.13,0.14,151.0,-0.06030952562068902,0.013689253935660506,put,745.6400146484375
703.0,0.22071091796874998,0.13,0.14,18.0,-0.05888603783583533,0.013689253935660506,put,745.6400146484375
704.0,0.21851367431640623,0.14,0.15,357.0,-0.057464573488457814,0.013689253935660506,put,745.6400146484375
705.0,0.215828154296875,0.15,0.16,229.0,-0.05604512683423154,0.013689253935660506,put,745.6400146484375
706.0,0.2133867724609375,0.16,0.17,62.0,-0.05462769215325809,0.013689253935660506,put,745.6400146484375
707.0,0.2087481469726562,0.16,0.17,140.0,-0.05321226374992739,0.013689253935660506,put,745.6400146484375
708.0,0.20606262695312497,0.17,0.18,85.0,-0.05179883595278036,0.013689253935660506,put,745.6400146484375
709.0,0.20288883056640622,0.18,0.19,224.0,-0.05038740311437272,0.013689253935660506,put,745.6400146484375
710.0,0.1997150341796875,0.19,0.2,96.0,-0.04897795961113909,0.013689253935660506,put,745.6400146484375
711.0,0.198250205078125,0.2,0.22,365.0,-0.0475704998432593,0.013689253935660506,put,745.6400146484375
712.0,0.1948322705078125,0.22,0.23,74.0,-0.04616501823452439,0.013689253935660506,put,745.6400146484375
713.0,0.1914143359375,0.23,0.24,73.0,-0.0447615092322042,0.013689253935660506,put,745.6400146484375
714.0,0.18921709228515626,0.25,0.26,138.0,-0.04335996730691584,0.013689253935660506,put,745.6400146484375
715.0,0.18531088134765622,0.26,0.27,294.0,-0.04196038695249255,0.013689253935660506,put,745.6400146484375
716.0,0.18274743041992186,0.28,0.29,347.0,-0.04056276268585457,0.013689253935660506,put,745.6400146484375
717.0,0.17993984130859375,0.3,0.31,500.0,-0.0391670890468798,0.013689253935660506,put,745.6400146484375
718.0,0.17701018310546873,0.32,0.33,665.0,-0.037773360598275955,0.013689253935660506,put,745.6400146484375
719.0,0.174812939453125,0.34,0.36,495.0,-0.03638157192545343,0.013689253935660506,put,745.6400146484375
720.0,0.1713950048828125,0.37,0.38,1305.0,-0.03499171763639922,0.013689253935660506,put,745.6400146484375
721.0,0.1687094848632813,0.4,0.41,287.0,-0.033603792361551116,0.013689253935660506,put,745.6400146484375
722.0,0.16651224121093755,0.43,0.45,622.0,-0.03221779075367394,0.013689253935660506,put,745.6400146484375
723.0,0.16333844482421878,0.47,0.48,149.0,-0.03083370748773546,0.013689253935660506,put,745.6400146484375
724.0,0.1606529248046875,0.51,0.52,1322.0,-0.02945153726078376,0.013689253935660506,put,745.6400146484375
725.0,0.1577232666015625,0.55,0.56,624.0,-0.028071274791825442,0.013689253935660506,put,745.6400146484375
726.0,0.15515981567382814,0.6,0.61,412.0,-0.02669291482170411,0.013689253935660506,put,745.6400146484375
727.0,0.15235222656250003,0.65,0.66,758.0,-0.025316452112980812,0.013689253935660506,put,745.6400146484375
728.0,0.14978877563476564,0.71,0.72,474.0,-0.023941881449814184,0.013689253935660506,put,745.6400146484375
729.0,0.14734739379882814,0.77,0.79,235.0,-0.022569197637841987,0.013689253935660506,put,745.6400146484375
730.0,0.1445398046875,0.85,0.86,1630.0,-0.021198395504063414,0.013689253935660506,put,745.6400146484375
731.0,0.14185428466796873,0.92,0.94,545.0,-0.019829469896721703,0.013689253935660506,put,745.6400146484375
732.0,0.1392908337402344,1.01,1.03,656.0,-0.018462415685188624,0.013689253935660506,put,745.6400146484375
733.0,0.13666634826660157,1.11,1.13,492.0,-0.01709722775984867,0.013689253935660506,put,745.6400146484375
734.0,0.1344080700683594,1.23,1.25,526.0,-0.01573390103198456,0.013689253935660506,put,745.6400146484375
735.0,0.1316615155029297,1.35,1.37,1683.0,-0.014372430433663444,0.013689253935660506,put,745.6400146484375
736.0,0.1290980645751953,1.49,1.51,424.0,-0.013012810917623975,0.013689253935660506,put,745.6400146484375
737.0,0.12671771728515624,1.64,1.67,571.0,-0.011655037457163587,0.013689253935660506,put,745.6400146484375
738.0,0.124032197265625,1.82,1.84,591.0,-0.010299105046027674,0.013689253935660506,put,745.6400146484375
739.0,0.12171288452148438,2.01,2.04,437.0,-0.008945008698298375,0.013689253935660506,put,745.6400146484375
740.0,0.11902736450195311,2.23,2.25,4224.0,-0.0075927434482846905,0.013689253935660506,put,745.6400146484375
741.0,0.11676908630371094,2.47,2.5,766.0,-0.006242304350413332,0.013689253935660506,put,745.6400146484375
742.0,0.11432770446777345,2.74,2.77,1214.0,-0.0048936864791197495,0.013689253935660506,put,745.6400146484375
743.0,0.11194735717773435,3.04,3.07,2601.0,-0.003546884928741012,0.013689253935660506,put,745.6400146484375
744.0,0.10968907897949219,3.38,3.41,1161.0,-0.0022018948134082906,0.013689253935660506,put,745.6400146484375
745.0,0.10736976623535156,3.75,3.78,2617.0,-0.00085871126694062,0.013689253935660506,put,745.6400146484375
746.0,0.10505045349121094,4.16,4.19,1872.0,0.00048267055726062495,0.013689253935660506,put,745.6400146484375
747.0,0.10279217529296875,4.61,4.64,2671.0,0.0018222554863171012,0.013689253935660506,put,745.6400146484375
748.0,0.10309734802246093,5.07,5.23,3623.0,0.003160048327977059,0.013689253935660506,put,745.6400146484375
749.0,0.10181562255859375,5.56,5.8,677.0,0.004496053870719315,0.013689253935660506,put,745.6400146484375
750.0,0.09961837890625,6.14,6.38,1408.0,0.005830276883855982,0.013689253935660506,put,745.6400146484375
751.0,0.09760423889160157,6.77,7.01,109.0,0.0071627221176346215,0.013689253935660506,put,745.6400146484375
752.0,0.09736010070800781,7.36,7.74,28.0,0.008493394303339723,0.013689253935660506,put,745.6400146484375
753.0,0.09559009887695313,8.03,8.46,34.0,0.009822298153393496,0.013689253935660506,put,745.6400146484375
754.0,0.09296561340332031,8.88,9.2,41.0,0.011149438361455792,0.013689253935660506,put,745.6400146484375
755.0,0.09070733520507812,9.6,9.99,314.0,0.012474819602524443,0.013689253935660506,put,745.6400146484375
757.0,0.08912043701171876,11.26,11.73,17.0,0.015120323790948558,0.013689253935660506,put,745.6400146484375
758.0,0.08704526245117189,12.12,12.62,20.0,0.016440455995871458,0.013689253935660506,put,745.6400146484375
760.0,0.081063876953125,13.94,14.46,41.0,0.019075503633876605,0.013689253935660506,put,745.6400146484375
763.0,0.15827257751464846,15.84,18.34,1.0,0.02301510163795691,0.013689253935660506,put,745.6400146484375
765.0,0.17566742309570313,17.76,20.44,461.0,0.025632904180035564,0.013689253935660506,put,745.6400146484375
770.0,0.20533021240234373,22.63,25.43,,0.03214758520122936,0.013689253935660506,put,745.6400146484375
780.0,0.2616040637207031,32.63,35.42,,0.04505099003713724,0.013689253935660506,put,745.6400146484375
435.0,1.7451184619140623,309.85,312.66,3.0,-0.538896898557816,0.01642710472279261,call,745.6400146484375
450.0,1.6513689306640624,294.87,297.67,199.0,-0.5049953468821347,0.01642710472279261,call,745.6400146484375
460.0,1.5883809643554683,284.87,287.68,1.0,-0.4830164401633595,0.01642710472279261,call,745.6400146484375
480.0,1.4658229833984375,264.89,267.68,1.0,-0.4404568257445636,0.01642710472279261,call,745.6400146484375
485.0,1.4350614184570314,259.89,262.68,3.0,-0.430094038709017,0.01642710472279261,call,745.6400146484375
490.0,1.4091826416015625,254.9,257.7,1.0,-0.4198375385418279,0.01642710472279261,call,745.6400146484375
495.0,1.3759796826171873,249.9,252.68,1.0,-0.40968516707780994,0.01642710472279261,call,745.6400146484375
500.0,1.3515657421874998,244.9,247.72,1.0,-0.3996348312243085,0.01642710472279261,call,745.6400146484375
505.0,1.3291049169921871,239.96,242.71,1.0,-0.3896845003711403,0.01642710472279261,call,745.6400146484375
510.0,1.291019169921875,234.91,237.7,31.0,-0.37983220392812866,0.01642710472279261,call,745.6400146484375
515.0,1.2656286718749998,229.92,232.72,1.0,-0.370076028982764,0.01642710472279261,call,745.6400146484375
520.0,1.2353553857421873,224.92,227.71,2.0,-0.3604141180710271,0.01642710472279261,call,745.6400146484375
525.0,1.206546936035156,219.92,222.71,3.0,-0.3508446670548764,0.01642710472279261,call,745.6400146484375
530.0,1.1816447167968749,214.93,217.73,1.0,-0.34136592310033265,0.01642710472279261,call,745.6400146484375
535.0,1.1528362670898438,209.94,212.72,1.0,-0.3319761827504936,0.01642710472279261,call,745.6400146484375
540.0,1.1259809326171877,204.93,207.74,1.0,-0.3226737900881801,0.01642710472279261,call,745.6400146484375
545.0,1.0976607617187502,199.94,202.73,3.0,-0.3134571349832561,0.01642710472279261,call,745.6400146484375
550.0,1.0698288696289064,194.94,197.73,3.0,-0.3043246514199836,0.01642710472279261,call,745.6400146484375
555.0,1.045414929199219,189.95,192.75,1.0,-0.2952748159000657,0.01642710472279261,call,745.6400146484375
560.0,1.017583037109375,184.96,187.74,3.0,-0.2863061459173053,0.01642710472279261,call,745.6400146484375
565.0,0.991211025390625,179.95,182.76,1.0,-0.2774171985000593,0.01642710472279261,call,745.6400146484375
570.0,0.963867548828125,174.96,177.75,1.0,-0.2686065688179044,0.01642710472279261,call,745.6400146484375
575.0,0.9389654541015625,169.96,172.77,1.0,-0.2598728888491498,0.01642710472279261,call,745.6400146484375
580.0,0.9125985302734375,164.97,167.77,1.0,-0.25121482610603507,0.01642710472279261,call,745.6400146484375
585.0,0.88476677734375,159.97,162.76,2.0,-0.24263108241464362,0.01642710472279261,call,745.6400146484375
588.0,0.8696302099609375,156.97,159.77,4.0,-0.23751598174787325,0.01642710472279261,call,745.6400146484375
589.0,0.866212275390625,155.98,158.78,1.0,-0.23581674599491345,0.01642710472279261,call,745.6400146484375
590.0,0.8608412353515625,154.98,157.78,1.0,-0.234120392746735,0.01642710472279261,call,745.6400146484375
591.0,0.8554701953125,153.98,156.78,2.0,-0.23242691224040204,0.01642710472279261,call,745.6400146484375
592.0,0.8493667407226562,152.98,155.77,23.0,-0.23073629476249452,0.01642710472279261,call,745.6400146484375
595.0,0.8352067260742186,149.98,152.79,1.0,-0.22568152410087036,0.01642710472279261,call,745.6400146484375
596.0,0.8281267187499999,148.98,151.77,1.0,-0.22400226258115036,0.01642710472279261,call,745.6400146484375
598.0,0.8183611914062499,146.98,149.78,1.0,-0.22065217569586845,0.01642710472279261,call,745.6400146484375
600.0,0.8095722167968749,144.99,147.79,4.0,-0.21731327443035378,0.01642710472279261,call,745.6400146484375
601.0,0.8042011767578124,143.99,146.79,1.0,-0.21564799511129254,0.01642710472279261,call,745.6400146484375
602.0,0.79883013671875,142.99,145.79,1.0,-0.2139854843376792,0.01642710472279261,call,745.6400146484375
603.0,0.7927266821289063,141.99,144.78,2.0,-0.21232573291931475,0.01642710472279261,call,745.6400146484375
605.0,0.782228740234375,139.99,142.78,1.0,-0.2090144716156587,0.01642710472279261,call,745.6400146484375
606.0,0.7788108056640625,138.99,141.8,1.0,-0.20736294357718568,0.01642710472279261,call,745.6400146484375
607.0,0.7717307983398438,137.99,140.78,3.0,-0.20571413858700197,0.01642710472279261,call,745.6400146484375
608.0,0.7690452783203126,137.0,139.8,1.0,-0.2040680476803332,0.01642710472279261,call,745.6400146484375
610.0,0.7583031982421876,135.0,137.8,3.0,-0.20078397247914323,0.01642710472279261,call,745.6400146484375
613.0,0.7417018017578124,132.0,134.79,2.0,-0.19587799371028883,0.01642710472279261,call,745.6400146484375
615.0,0.7329128271484374,130.0,132.81,5.0,-0.1926206618399823,0.01642710472279261,call,745.6400146484375
616.0,0.7277859252929688,129.0,131.81,1.0,-0.19099596611298036,0.01642710472279261,call,745.6400146484375
618.0,0.7180203979492188,127.01,129.81,1.0,-0.18775447218880945,0.01642710472279261,call,745.6400146484375
619.0,0.7128934960937501,126.01,128.81,3.0,-0.1861376569619041,0.01642710472279261,call,745.6400146484375
620.0,0.7075224560546876,125.01,127.81,2.0,-0.18452345160736294,0.01642710472279261,call,745.6400146484375
622.0,0.6962920996093751,123.01,125.8,31.0,-0.18130283690732069,0.01642710472279261,call,745.6400146484375
624.0,0.6875031250000001,121.01,123.82,2.0,-0.17809256127707254,0.01642710472279261,call,745.6400146484375
625.0,0.6813996704101564,120.01,122.81,1.0,-0.1764912799100987,0.01642710472279261,call,745.6400146484375
626.0,0.6777375976562501,119.02,121.82,7.0,-0.17489255854640165,0.01642710472279261,call,745.6400146484375
627.0,0.6726106958007814,118.02,120.82,1.0,-0.17329638901357944,0.01642710472279261,call,745.6400146484375
628.0,0.6674837939453127,117.02,119.82,2.0,-0.17170276317830144,0.01642710472279261,call,745.6400146484375
629.0,0.6613803393554689,116.02,118.81,1.0,-0.1701116729460597,0.01642710472279261,call,745.6400146484375
630.0,0.6555210229492189,115.02,117.8,3.0,-0.16852311026092182,0.01642710472279261,call,745.6400146484375
632.0,0.6472203247070312,113.02,115.83,1.0,-0.1653535354996427,0.01642710472279261,call,745.6400146484375
633.0,0.6420934228515626,112.02,114.83,10.0,-0.16377250750232394,0.01642710472279261,call,745.6400146484375
634.0,0.637698935546875,111.03,113.83,125.0,-0.1621939752092743,0.01642710472279261,call,745.6400146484375
635.0,0.6323278955078125,110.03,112.83,2.0,-0.16061793075380856,0.01642710472279261,call,745.6400146484375
636.0,0.6264685791015626,109.03,111.82,3.0,-0.15904436630637803,0.01642710472279261,call,745.6400146484375
637.0,0.6213416772460938,108.03,110.82,2.0,-0.1574732740743368,0.01642710472279261,call,745.6400146484375
638.0,0.6154823608398439,107.03,109.81,1.0,-0.15590464630171025,0.01642710472279261,call,745.6400146484375
639.0,0.6123085644531252,106.03,108.84,1.0,-0.15433847526896544,0.01642710472279261,call,745.6400146484375
640.0,0.6071816625976563,105.04,107.83,18.0,-0.15277475329278267,0.01642710472279261,call,745.6400146484375
641.0,0.6025430371093752,104.04,106.84,1.0,-0.15121347272583016,0.01642710472279261,call,745.6400146484375
642.0,0.5974161352539062,103.04,105.84,1.0,-0.149654625956539,0.01642710472279261,call,745.6400146484375
643.0,0.5915568188476563,102.04,104.83,1.0,-0.14809820540888075,0.01642710472279261,call,745.6400146484375
644.0,0.5864299169921875,101.04,103.83,1.0,-0.1465442035421465,0.01642710472279261,call,745.6400146484375
645.0,0.5805706005859376,100.04,102.82,3.0,-0.14499261285072773,0.01642710472279261,call,745.6400146484375
646.0,0.5773968041992188,99.04,101.85,1.0,-0.14344342586389836,0.01642710472279261,call,745.6400146484375
647.0,0.5722699023437501,98.04,100.85,1.0,-0.1418966351455996,0.01642710472279261,call,745.6400146484375
648.0,0.5676312768554688,97.05,99.85,1.0,-0.14035223329422544,0.01642710472279261,call,745.6400146484375
649.0,0.5617719604492188,96.05,98.84,1.0,-0.13881021294241014,0.01642710472279261,call,745.6400146484375
650.0,0.56055126953125,95.5,97.45,37.0,-0.13727056675681742,0.01642710472279261,call,745.6400146484375
651.0,0.55273884765625,94.05,96.86,1.0,-0.13573328743793095,0.01642710472279261,call,745.6400146484375
652.0,0.5476119458007813,93.05,95.86,2.0,-0.13419836771984722,0.01642710472279261,call,745.6400146484375
653.0,0.5429733203125001,92.06,94.86,3.0,-0.1326658003700691,0.01642710472279261,call,745.6400146484375
654.0,0.5378464184570313,91.06,93.86,4.0,-0.13113557818930144,0.01642710472279261,call,745.6400146484375
655.0,0.5319871020507813,90.06,92.85,13.0,-0.1296076940112483,0.01642710472279261,call,745.6400146484375
656.0,0.5268602001953125,89.06,91.85,4.0,-0.12808214070241117,0.01642710472279261,call,745.6400146484375
657.0,0.5229539892578124,88.06,90.87,10.0,-0.12655891116188966,0.01642710472279261,call,745.6400146484375
658.0,0.516606396484375,87.06,89.85,4.0,-0.12503799832118295,0.01642710472279261,call,745.6400146484375
659.0,0.5131884619140624,86.07,88.87,2.0,-0.12351939514399292,0.01642710472279261,call,745.6400146484375
660.0,0.5073291455078125,85.07,87.86,14.0,-0.12200309462602889,0.01642710472279261,call,745.6400146484375
661.0,0.5033008654785156,84.07,86.88,1.0,-0.12048908979481393,0.01642710472279261,call,745.6400146484375
662.0,0.6157264990234376,83.07,85.86,1.0,-0.11897737370949199,0.01642710472279261,call,745.6400146484375
663.0,0.6110878735351564,82.08,84.88,1.0,-0.11746793946063766,0.01642710472279261,call,745.6400146484375
664.0,0.6043740734863283,81.08,83.87,3.0,-0.1159607801700663,0.01642710472279261,call,745.6400146484375
665.0,0.5983926879882813,80.08,82.87,11.0,-0.11445588899064599,0.01642710472279261,call,745.6400146484375
666.0,0.5937540625000001,79.08,81.89,6.0,-0.11295325910611109,0.01642710472279261,call,745.6400146484375
667.0,0.5863078479003907,78.08,80.87,3.0,-0.11145288373087649,0.01642710472279261,call,745.6400146484375
668.0,0.5809368078613282,77.09,79.88,1.0,-0.10995475610985446,0.01642710472279261,call,745.6400146484375
669.0,0.5749554223632812,76.09,78.88,1.0,-0.1084588695182717,0.01642710472279261,call,745.6400146484375
670.0,0.5701947277832031,75.09,77.9,1024.0,-0.10696521726148839,0.01642710472279261,call,745.6400146484375
671.0,0.5628705822753908,74.09,76.88,1.0,-0.10547379267481845,0.01642710472279261,call,745.6400146484375
672.0,0.5574995422363282,73.1,75.89,5.0,-0.10398458912335067,0.01642710472279261,call,745.6400146484375
673.0,0.55273884765625,72.1,74.91,33.0,-0.10249760000177238,0.01642710472279261,call,745.6400146484375
674.0,0.5466353930664063,71.1,73.91,3.0,-0.10101281873419313,0.01642710472279261,call,745.6400146484375
675.0,0.5393112475585939,70.1,72.89,21.0,-0.09953023877397033,0.01642710472279261,call,745.6400146484375
676.0,0.5339402075195312,69.11,71.9,2.0,-0.09804985360353603,0.01642710472279261,call,745.6400146484375
677.0,0.528447098388672,68.11,70.91,13.0,-0.09657165673422523,0.01642710472279261,call,745.6400146484375
678.0,0.5229539892578124,67.11,69.92,1.0,-0.09509564170610463,0.01642710472279261,call,745.6400146484375
679.0,0.5162401892089843,66.12,68.91,5.0,-0.09362180208780405,0.01642710472279261,call,745.6400146484375
680.0,0.5107470800781251,65.12,67.92,1552.0,-0.09215013147634776,0.01642710472279261,call,745.6400146484375
681.0,0.5029346582031251,64.12,66.89,1.0,-0.09068062349698776,0.01642710472279261,call,745.6400146484375
682.0,0.4985401708984375,63.13,65.92,5.0,-0.08921327180303813,0.01642710472279261,call,745.6400146484375
683.0,0.4936574072265626,62.13,64.94,12.0,-0.08774807007571014,0.01642710472279261,call,745.6400146484375
684.0,0.48694360717773444,61.13,63.93,4.0,-0.08628501202394973,0.01642710472279261,call,745.6400146484375
685.0,0.4819387744140625,60.14,62.95,20.0,-0.08482409138427487,0.01642710472279261,call,745.6400146484375
686.0,0.4758353198242187,59.14,61.95,72.0,-0.0833653019206149,0.01642710472279261,call,745.6400146484375
687.0,0.4691215197753906,58.15,60.94,14.0,-0.0819086374241509,0.01642710472279261,call,745.6400146484375
688.0,0.4630180651855469,57.15,59.94,5.0,-0.08045409171315655,0.01642710472279261,call,745.6400146484375
689.0,0.4578911633300782,56.16,58.96,9.0,-0.07900165863284161,0.01642710472279261,call,745.6400146484375
690.0,0.45227598510742195,55.17,57.97,839.0,-0.0775513320551951,0.01642710472279261,call,745.6400146484375
691.0,0.44556218505859374,54.17,56.96,57.0,-0.07610310587883025,0.01642710472279261,call,745.6400146484375
692.0,0.44043528320312497,53.17,55.98,14.0,-0.07465697402883055,0.01642710472279261,call,745.6400146484375
693.0,0.4337214831542969,52.18,54.97,5.0,-0.07321293045659699,0.01642710472279261,call,745.6400146484375
694.0,0.4279842358398438,51.18,53.98,3.0,-0.07177096913969569,0.01642710472279261,call,745.6400146484375
695.0,0.42127043579101564,50.19,52.97,22.0,-0.07033108408170805,0.01642710472279261,call,745.6400146484375
696.0,0.41602146484374997,49.2,51.99,9.0,-0.06889326931208051,0.01642710472279261,call,745.6400146484375
697.0,0.4102842175292969,48.2,51.0,13.0,-0.06745751888597624,0.01642710472279261,call,745.6400146484375
698.0,0.4050352465820312,47.21,50.02,9.0,-0.06602382688412775,0.01642710472279261,call,745.6400146484375
699.0,0.39826041198730466,46.22,49.01,262.0,-0.06459218741268995,0.01642710472279261,call,745.6400146484375
700.0,0.3814148773193359,45.23,47.8,164.0,-0.0631625946030955,0.01642710472279261,call,745.6400146484375
701.0,0.38660281372070304,44.24,47.03,9.0,-0.06173504261191007,0.01642710472279261,call,745.6400146484375
702.0,0.3807434973144531,43.67,46.04,39.0,-0.06030952562068902,0.01642710472279261,call,745.6400146484375
703.0,0.3748841809082031,42.26,45.05,31.0,-0.05888603783583533,0.01642710472279261,call,745.6400146484375
704.0,0.36902486450195315,41.27,44.06,43.0,-0.057464573488457814,0.01642710472279261,call,745.6400146484375
705.0,0.36304347900390627,40.28,43.07,53.0,-0.05604512683423154,0.01642710472279261,call,745.6400146484375
706.0,0.3580386462402344,39.29,42.1,17.0,-0.05462769215325809,0.01642710472279261,call,745.6400146484375
707.0,0.35108070800781244,38.3,41.09,15.0,-0.05321226374992739,0.01642710472279261,call,745.6400146484375
708.0,0.34552656433105466,37.32,40.11,10.0,-0.05179883595278036,0.01642710472279261,call,745.6400146484375
709.0,0.3394841442871094,36.33,39.12,247.0,-0.05038740311437272,0.01642710472279261,call,745.6400146484375
710.0,0.3347234497070312,35.35,38.16,305.0,-0.04897795961113909,0.01642710472279261,call,745.6400146484375
711.0,0.3294134442138671,34.37,37.19,164.0,-0.0475704998432593,0.01642710472279261,call,745.6400146484375
712.0,0.3223944714355468,33.39,36.18,156.0,-0.04616501823452439,0.01642710472279261,call,745.6400146484375
713.0,0.3165961895751953,32.41,35.2,65.0,-0.0447615092322042,0.01642710472279261,call,745.6400146484375
714.0,0.3107979077148437,31.43,34.22,32.0,-0.04335996730691584,0.01642710472279261,call,745.6400146484375
715.0,0.30487755676269535,30.46,33.24,54.0,-0.04196038695249255,0.01642710472279261,call,745.6400146484375
716.0,0.2993844476318359,29.48,32.27,15.0,-0.04056276268585457,0.01642710472279261,call,745.6400146484375
717.0,0.2937692694091796,28.5,31.3,69.0,-0.0391670890468798,0.01642710472279261,call,745.6400146484375
718.0,0.2880930566406249,27.53,30.33,33.0,-0.037773360598275955,0.01642710472279261,call,745.6400146484375
719.0,0.28278305114746094,26.57,29.37,17.0,-0.03638157192545343,0.01642710472279261,call,745.6400146484375
720.0,0.27698476928710936,25.6,28.4,752.0,-0.03499171763639922,0.01642710472279261,call,745.6400146484375
721.0,0.23841093627929685,24.64,26.59,18.0,-0.033603792361551116,0.01642710472279261,call,745.6400146484375
722.0,0.26587648193359376,23.69,26.48,49.0,-0.03221779075367394,0.01642710472279261,call,745.6400146484375
723.0,0.26050544189453123,22.73,25.53,24.0,-0.03083370748773546,0.01642710472279261,call,745.6400146484375
724.0,0.23389437988281248,21.79,23.99,103.0,-0.02945153726078376,0.01642710472279261,call,745.6400146484375
725.0,0.22431195617675775,21.89,22.92,425.0,-0.028071274791825442,0.01642710472279261,call,745.6400146484375
726.0,0.20618469604492184,20.97,21.62,113.0,-0.02669291482170411,0.01642710472279261,call,745.6400146484375
727.0,0.20197331237792968,20.04,20.69,154.0,-0.025316452112980812,0.01642710472279261,call,745.6400146484375
728.0,0.19544261596679688,19.13,19.7,328.0,-0.023941881449814184,0.01642710472279261,call,745.6400146484375
729.0,0.1909260595703125,18.23,18.77,360.0,-0.022569197637841987,0.01642710472279261,call,745.6400146484375
730.0,0.19062088684082032,16.96,17.97,592.0,-0.021198395504063414,0.01642710472279261,call,745.6400146484375
731.0,0.1829915686035156,16.45,16.96,102.0,-0.019829469896721703,0.01642710472279261,call,745.6400146484375
732.0,0.18042811767578126,15.58,16.11,767.0,-0.018462415685188624,0.01642710472279261,call,745.6400146484375
733.0,0.17664397583007813,14.71,15.23,1225.0,-0.01709722775984867,0.01642710472279261,call,745.6400146484375
734.0,0.17072362487792972,13.86,14.29,1024.0,-0.01573390103198456,0.01642710472279261,call,745.6400146484375
735.0,0.16584086120605473,13.02,13.39,1550.0,-0.014372430433663444,0.01642710472279261,call,745.6400146484375
736.0,0.16211775390625,12.18,12.54,277.0,-0.013012810917623975,0.01642710472279261,call,745.6400146484375
737.0,0.161141201171875,11.36,11.8,286.0,-0.011655037457163587,0.01642710472279261,call,745.6400146484375
738.0,0.1568687829589844,10.57,10.96,437.0,-0.010299105046027674,0.01642710472279261,call,745.6400146484375
739.0,0.150948432006836,9.79,10.07,342.0,-0.008945008698298375,0.01642710472279261,call,745.6400146484375
740.0,0.14887325744628904,9.14,9.34,2544.0,-0.0075927434482846905,0.01642710472279261,call,745.6400146484375
741.0,0.14624877197265623,8.31,8.61,381.0,-0.006242304350413332,0.01642710472279261,call,745.6400146484375
742.0,0.14362428649902342,7.6,7.9,634.0,-0.0048936864791197495,0.01642710472279261,call,745.6400146484375
743.0,0.14136600830078128,6.92,7.23,732.0,-0.003546884928741012,0.01642710472279261,call,745.6400146484375
744.0,0.13758186645507814,6.27,6.52,1185.0,-0.0022018948134082906,0.01642710472279261,call,745.6400146484375
745.0,0.13413341461181644,5.73,5.85,5681.0,-0.00085871126694062,0.01642710472279261,call,745.6400146484375
746.0,0.13123427368164062,5.19,5.23,10080.0,0.00048267055726062495,0.01642710472279261,call,745.6400146484375
747.0,0.12906754730224607,4.64,4.67,18789.0,0.0018222554863171012,0.01642710472279261,call,745.6400146484375
748.0,0.1271449591064453,4.12,4.15,22159.0,0.003160048327977059,0.01642710472279261,call,745.6400146484375
749.0,0.12513081909179688,3.63,3.66,3364.0,0.004496053870719315,0.01642710472279261,call,745.6400146484375
750.0,0.12333029998779299,3.18,3.21,15784.0,0.005830276883855982,0.01642710472279261,call,745.6400146484375
751.0,0.12171288452148438,2.77,2.8,2585.0,0.0071627221176346215,0.01642710472279261,call,745.6400146484375
752.0,0.1203090899658203,2.4,2.43,1784.0,0.008493394303339723,0.01642710472279261,call,745.6400146484375
753.0,0.11878322631835936,2.06,2.09,1980.0,0.009822298153393496,0.01642710472279261,call,745.6400146484375
754.0,0.11725736267089844,1.76,1.78,2189.0,0.011149438361455792,0.01642710472279261,call,745.6400146484375
755.0,0.11597563720703125,1.49,1.51,7299.0,0.012474819602524443,0.01642710472279261,call,745.6400146484375
756.0,0.1147549462890625,1.25,1.27,2956.0,0.01379844653303276,0.01642710472279261,call,745.6400146484375
757.0,0.11359528991699218,1.04,1.06,4860.0,0.015120323790948558,0.01642710472279261,call,745.6400146484375
758.0,0.11261873718261718,0.86,0.88,1623.0,0.016440455995871458,0.01642710472279261,call,745.6400146484375
759.0,0.11145908081054687,0.71,0.72,2691.0,0.01775884774912975,0.01642710472279261,call,745.6400146484375
760.0,0.11060459716796875,0.57,0.59,10008.0,0.019075503633876605,0.01642710472279261,call,745.6400146484375
761.0,0.1098721826171875,0.46,0.48,1400.0,0.020390428215185698,0.01642710472279261,call,745.6400146484375
762.0,0.10938390625,0.37,0.39,2598.0,0.021703626040146157,0.01642710472279261,call,745.6400146484375
763.0,0.10865149169921876,0.3,0.31,1537.0,0.02301510163795691,0.01642710472279261,call,745.6400146484375
764.0,0.10828528442382812,0.24,0.25,929.0,0.024324859520020416,0.01642710472279261,call,745.6400146484375
765.0,0.10913976806640624,0.2,0.21,2703.0,0.025632904180035564,0.01642710472279261,call,745.6400146484375
766.0,0.10913976806640624,0.16,0.17,1290.0,0.026939240094091047,0.01642710472279261,call,745.6400146484375
767.0,0.10962804443359375,0.13,0.14,1025.0,0.028243871720755955,0.01642710472279261,call,745.6400146484375
768.0,0.10913976806640624,0.1,0.11,1116.0,0.029546803501171955,0.01642710472279261,call,745.6400146484375
769.0,0.11158114990234375,0.09,0.1,966.0,0.03084803985914378,0.01642710472279261,call,745.6400146484375
770.0,0.11158114990234375,0.07,0.08,2764.0,0.03214758520122936,0.01642710472279261,call,745.6400146484375
771.0,0.1132901171875,0.06,0.07,261.0,0.03344544391682934,0.01642710472279261,call,745.6400146484375
772.0,0.1167080517578125,0.06,0.07,192.0,0.034741620378276036,0.01642710472279261,call,745.6400146484375
773.0,0.118172880859375,0.05,0.06,264.0,0.03603611894092185,0.01642710472279261,call,745.6400146484375
774.0,0.1186611572265625,0.04,0.05,313.0,0.03732894394322702,0.01642710472279261,call,745.6400146484375
775.0,0.12207909179687501,0.04,0.05,2705.0,0.038620099706846926,0.01642710472279261,call,745.6400146484375
780.0,0.131844619140625,0.02,0.03,1618.0,0.04505099003713724,0.01642710472279261,call,745.6400146484375
785.0,0.147469462890625,0.02,0.03,437.0,0.05144078813590835,0.01642710472279261,call,745.6400146484375
790.0,0.1562584375,0.01,0.02,3455.0,0.057790015814566977,0.01642710472279261,call,745.6400146484375
795.0,0.17188328125000002,0.01,0.02,54.0,0.0640991850078318,0.01642710472279261,call,745.6400146484375
800.0,0.187508125,0.01,0.02,501.0,0.07036879802142708,0.01642710472279261,call,745.6400146484375
805.0,0.20117986328124998,0.01,0.02,287.0,0.07659934777206326,0.01642710472279261,call,745.6400146484375
810.0,0.20313296874999998,0.0,0.01,504.0,0.08279131801998423,0.01642710472279261,call,745.6400146484375
815.0,0.2148516015625,0.0,0.01,139.0,0.08894518359436258,0.01642710472279261,call,745.6400146484375
820.0,0.24414818359375,0.01,0.02,2.0,0.09506141061179856,0.01642710472279261,call,745.6400146484375
825.0,0.242195078125,0.0,0.01,1.0,0.10114045668818084,0.01642710472279261,call,745.6400146484375
830.0,0.257819921875,0.0,0.01,1823.0,0.10718277114414336,0.01642710472279261,call,745.6400146484375
835.0,0.2695385546875,0.0,0.01,1.0,0.11318879520435532,0.01642710472279261,call,745.6400146484375
840.0,0.28125718749999995,0.0,0.01,26.0,0.11915896219085904,0.01642710472279261,call,745.6400146484375
845.0,0.29688203124999996,0.0,0.01,725.0,0.1250936977106737,0.01642710472279261,call,745.6400146484375
850.0,0.3086006640625,0.0,0.01,7362.0,0.13099341983786186,0.01642710472279261,call,745.6400146484375
855.0,0.32031929687499994,0.0,0.01,1.0,0.13685853929026004,0.01642710472279261,call,745.6400146484375
860.0,0.3320379296875,0.0,0.01,14.0,0.14268945960105334,0.01642710472279261,call,745.6400146484375
865.0,0.3437565625,0.0,0.01,1.0,0.14848657728537912,0.01642710472279261,call,745.6400146484375
870.0,0.35938140625,0.0,0.01,116.0,0.15425028200212929,0.01642710472279261,call,745.6400146484375
875.0,0.367193828125,0.0,0.01,701.0,0.15998095671111423,0.01642710472279261,call,745.6400146484375
880.0,0.38281867187499996,0.0,0.01,38.0,0.16567897782575203,0.01642710472279261,call,745.6400146484375
885.0,0.39063109375,0.0,0.01,1.0,0.1713447153614293,0.01642710472279261,call,745.6400146484375
890.0,0.4062559375,0.0,0.01,1301.0,0.1769785330796854,0.01642710472279261,call,745.6400146484375
895.0,0.414068359375,0.0,0.01,7.0,0.18258078862835514,0.01642710472279261,call,745.6400146484375
900.0,0.42969320312500003,0.0,0.01,10.0,0.1881518336778106,0.01642710472279261,call,745.6400146484375
435.0,1.109379453125,0.0,0.01,121.0,-0.538896898557816,0.01642710472279261,put,745.6400146484375
440.0,1.09375453125,0.0,0.01,1.0,-0.5274682027341933,0.01642710472279261,put,745.6400146484375
445.0,1.0625046875000002,0.0,0.01,120.0,-0.5161686474802599,0.01642710472279261,put,745.6400146484375
450.0,1.0312548437500002,0.0,0.01,1.0,-0.5049953468821347,0.01642710472279261,put,745.6400146484375
455.0,1.0312548437500002,0.0,0.01,120.0,-0.49394551069554976,0.01642710472279261,put,745.6400146484375
460.0,1.000005,0.0,0.01,30.0,-0.4830164401633595,0.01642710472279261,put,745.6400146484375
465.0,0.9687503125,0.0,0.01,120.0,-0.47220552405914384,0.01642710472279261,put,745.6400146484375
470.0,0.9687503125,0.0,0.01,240.0,-0.4615102349423959,0.01642710472279261,put,745.6400146484375
475.0,0.937500625,0.0,0.01,120.0,-0.45092812561185897,0.01642710472279261,put,745.6400146484375
480.0,0.9062509375,0.0,0.01,120.0,-0.4404568257445636,0.01642710472279261,put,745.6400146484375
485.0,0.9062509375,0.0,0.01,75.0,-0.430094038709017,0.01642710472279261,put,745.6400146484375
490.0,0.87500125,0.0,0.01,22.0,-0.4198375385418279,0.01642710472279261,put,745.6400146484375
495.0,0.8437515624999999,0.0,0.01,5.0,-0.40968516707780994,0.01642710472279261,put,745.6400146484375
500.0,0.8437515624999999,0.0,0.01,20.0,-0.3996348312243085,0.01642710472279261,put,745.6400146484375
505.0,0.8125018749999999,0.0,0.01,6.0,-0.3896845003711403,0.01642710472279261,put,745.6400146484375
510.0,0.79687703125,0.0,0.01,10.0,-0.37983220392812866,0.01642710472279261,put,745.6400146484375
515.0,0.7812521875,0.0,0.01,300.0,-0.370076028982764,0.01642710472279261,put,745.6400146484375
520.0,0.7500025,0.0,0.01,1.0,-0.3604141180710271,0.01642710472279261,put,745.6400146484375
525.0,0.73437765625,0.0,0.01,2.0,-0.3508446670548764,0.01642710472279261,put,745.6400146484375
530.0,0.7187528125,0.0,0.01,942.0,-0.34136592310033265,0.01642710472279261,put,745.6400146484375
535.0,0.70312796875,0.0,0.01,287.0,-0.3319761827504936,0.01642710472279261,put,745.6400146484375
540.0,0.6875031250000001,0.0,0.01,33003.0,-0.3226737900881801,0.01642710472279261,put,745.6400146484375
545.0,0.6562534375000001,0.0,0.01,415.0,-0.3134571349832561,0.01642710472279261,put,745.6400146484375
550.0,0.64062859375,0.0,0.01,127.0,-0.3043246514199836,0.01642710472279261,put,745.6400146484375
555.0,0.6250037500000001,0.0,0.01,275.0,-0.2952748159000657,0.01642710472279261,put,745.6400146484375
560.0,0.6093789062500001,0.0,0.01,583.0,-0.2863061459173053,0.01642710472279261,put,745.6400146484375
565.0,0.5937540625000001,0.0,0.01,367.0,-0.2774171985000593,0.01642710472279261,put,745.6400146484375
570.0,0.57812921875,0.0,0.01,2588.0,-0.2686065688179044,0.01642710472279261,put,745.6400146484375
575.0,0.5625043750000001,0.0,0.01,334.0,-0.2598728888491498,0.01642710472279261,put,745.6400146484375
580.0,0.585941640625,0.01,0.02,426.0,-0.25121482610603507,0.01642710472279261,put,745.6400146484375
585.0,0.570316796875,0.01,0.02,242.0,-0.24263108241464362,0.01642710472279261,put,745.6400146484375
588.0,0.5585981640625001,0.01,0.02,106.0,-0.23751598174787325,0.01642710472279261,put,745.6400146484375
589.0,0.5546919531250001,0.01,0.02,1.0,-0.23581674599491345,0.01642710472279261,put,745.6400146484375
590.0,0.5507857421875001,0.01,0.02,11.0,-0.234120392746735,0.01642710472279261,put,745.6400146484375
591.0,0.5468795312500001,0.01,0.02,1.0,-0.23242691224040204,0.01642710472279261,put,745.6400146484375
592.0,0.5429733203125001,0.01,0.02,1000.0,-0.23073629476249452,0.01642710472279261,put,745.6400146484375
593.0,0.5390671093750001,0.01,0.02,3.0,-0.22904853064877473,0.01642710472279261,put,745.6400146484375
594.0,0.5351608984375,0.01,0.02,1.0,-0.22736361028385524,0.01642710472279261,put,745.6400146484375
595.0,0.5312546875,0.01,0.02,15.0,-0.22568152410087036,0.01642710472279261,put,745.6400146484375
596.0,0.5312546875,0.01,0.02,2.0,-0.22400226258115036,0.01642710472279261,put,745.6400146484375
597.0,0.523442265625,0.01,0.02,1.0,-0.22232581625389813,0.01642710472279261,put,745.6400146484375
598.0,0.523442265625,0.01,0.02,33.0,-0.22065217569586845,0.01642710472279261,put,745.6400146484375
599.0,0.51562984375,0.01,0.02,1.0,-0.21898133153105082,0.01642710472279261,put,745.6400146484375
600.0,0.51562984375,0.01,0.02,45.0,-0.21731327443035378,0.01642710472279261,put,745.6400146484375
601.0,0.507817421875,0.01,0.02,1832.0,-0.21564799511129254,0.01642710472279261,put,745.6400146484375
602.0,0.507817421875,0.01,0.02,5.0,-0.2139854843376792,0.01642710472279261,put,745.6400146484375
603.0,0.5039112109375,0.01,0.02,1.0,-0.21232573291931475,0.01642710472279261,put,745.6400146484375
604.0,0.500005,0.01,0.02,5.0,-0.21066873171168524,0.01642710472279261,put,745.6400146484375
605.0,0.507817421875,0.01,0.02,6.0,-0.2090144716156587,0.01642710472279261,put,745.6400146484375
606.0,0.5039112109375,0.01,0.02,301.0,-0.20736294357718568,0.01642710472279261,put,745.6400146484375
607.0,0.500005,0.01,0.02,5.0,-0.20571413858700197,0.01642710472279261,put,745.6400146484375
608.0,0.49609878906250005,0.01,0.02,6.0,-0.2040680476803332,0.01642710472279261,put,745.6400146484375
609.0,0.49219257812500006,0.01,0.02,127.0,-0.20242466193660316,0.01642710472279261,put,745.6400146484375
610.0,0.48828636718750007,0.01,0.02,135.0,-0.20078397247914323,0.01642710472279261,put,745.6400146484375
611.0,0.48438015625,0.01,0.02,5.0,-0.19914597047490482,0.01642710472279261,put,745.6400146484375
612.0,0.4804739453125,0.01,0.02,5.0,-0.19751064713417402,0.01642710472279261,put,745.6400146484375
613.0,0.476567734375,0.01,0.02,67.0,-0.19587799371028883,0.01642710472279261,put,745.6400146484375
614.0,0.476567734375,0.01,0.02,86.0,-0.19424800149935773,0.01642710472279261,put,745.6400146484375
615.0,0.4726615234375,0.01,0.02,5.0,-0.1926206618399823,0.01642710472279261,put,745.6400146484375
616.0,0.4687553125,0.01,0.02,67.0,-0.19099596611298036,0.01642710472279261,put,745.6400146484375
617.0,0.4804739453125,0.02,0.03,142.0,-0.18937390574111232,0.01642710472279261,put,745.6400146484375
618.0,0.476567734375,0.02,0.03,224.0,-0.18775447218880945,0.01642710472279261,put,745.6400146484375
619.0,0.4726615234375,0.02,0.03,1340.0,-0.1861376569619041,0.01642710472279261,put,745.6400146484375
620.0,0.4687553125,0.02,0.03,31.0,-0.18452345160736294,0.01642710472279261,put,745.6400146484375
621.0,0.46680220703125,0.02,0.03,70.0,-0.18291184771302138,0.01642710472279261,put,745.6400146484375
622.0,0.46289599609375004,0.02,0.03,850.0,-0.18130283690732069,0.01642710472279261,put,745.6400146484375
623.0,0.45898978515625005,0.02,0.03,2103.0,-0.17969641085904708,0.01642710472279261,put,745.6400146484375
624.0,0.45508357421875,0.02,0.03,3411.0,-0.17809256127707254,0.01642710472279261,put,745.6400146484375
625.0,0.45117736328125,0.02,0.03,1077.0,-0.1764912799100987,0.01642710472279261,put,745.6400146484375
626.0,0.44727115234375,0.02,0.03,666.0,-0.17489255854640165,0.01642710472279261,put,745.6400146484375
627.0,0.445318046875,0.02,0.03,897.0,-0.17329638901357944,0.01642710472279261,put,745.6400146484375
628.0,0.4414118359375,0.02,0.03,1050.0,-0.17170276317830144,0.01642710472279261,put,745.6400146484375
629.0,0.437505625,0.02,0.03,91.0,-0.1701116729460597,0.01642710472279261,put,745.6400146484375
630.0,0.4335994140625,0.02,0.03,587.0,-0.16852311026092182,0.01642710472279261,put,745.6400146484375
631.0,0.42969320312500003,0.02,0.03,636.0,-0.16693706710528702,0.01642710472279261,put,745.6400146484375
632.0,0.42578699218750005,0.02,0.03,2.0,-0.1653535354996427,0.01642710472279261,put,745.6400146484375
633.0,0.42188078125,0.02,0.03,8.0,-0.16377250750232394,0.01642710472279261,put,745.6400146484375
634.0,0.41797457031249996,0.02,0.03,1.0,-0.1621939752092743,0.01642710472279261,put,745.6400146484375
635.0,0.42578699218750005,0.03,0.04,12.0,-0.16061793075380856,0.01642710472279261,put,745.6400146484375
636.0,0.42188078125,0.03,0.04,102.0,-0.15904436630637803,0.01642710472279261,put,745.6400146484375
637.0,0.41797457031249996,0.03,0.04,101.0,-0.1574732740743368,0.01642710472279261,put,745.6400146484375
638.0,0.414068359375,0.03,0.04,6.0,-0.15590464630171025,0.01642710472279261,put,745.6400146484375
639.0,0.4101621484375,0.03,0.04,2.0,-0.15433847526896544,0.01642710472279261,put,745.6400146484375
640.0,0.4062559375,0.03,0.04,51.0,-0.15277475329278267,0.01642710472279261,put,745.6400146484375
641.0,0.40430283203125,0.03,0.04,6.0,-0.15121347272583016,0.01642710472279261,put,745.6400146484375
642.0,0.40039662109375,0.03,0.04,15.0,-0.149654625956539,0.01642710472279261,put,745.6400146484375
643.0,0.39649041015625003,0.03,0.04,10.0,-0.14809820540888075,0.01642710472279261,put,745.6400146484375
644.0,0.39258419921875,0.03,0.04,25.0,-0.1465442035421465,0.01642710472279261,put,745.6400146484375
645.0,0.38867798828125,0.03,0.04,53.0,-0.14499261285072773,0.01642710472279261,put,745.6400146484375
646.0,0.38477177734374995,0.03,0.04,31.0,-0.14344342586389836,0.01642710472279261,put,745.6400146484375
647.0,0.389654541015625,0.04,0.05,159.0,-0.1418966351455996,0.01642710472279261,put,745.6400146484375
648.0,0.38672488281249995,0.04,0.05,32.0,-0.14035223329422544,0.01642710472279261,put,745.6400146484375
649.0,0.38281867187499996,0.04,0.05,33.0,-0.13881021294241014,0.01642710472279261,put,745.6400146484375
650.0,0.3789124609375,0.04,0.05,1525.0,-0.13727056675681742,0.01642710472279261,put,745.6400146484375
651.0,0.37500625,0.04,0.05,7.0,-0.13573328743793095,0.01642710472279261,put,745.6400146484375
652.0,0.3711000390625,0.04,0.05,17.0,-0.13419836771984722,0.01642710472279261,put,745.6400146484375
653.0,0.367193828125,0.04,0.05,3.0,-0.1326658003700691,0.01642710472279261,put,745.6400146484375
654.0,0.3632876171875,0.04,0.05,31.0,-0.13113557818930144,0.01642710472279261,put,745.6400146484375
655.0,0.35938140625,0.04,0.05,143.0,-0.1296076940112483,0.01642710472279261,put,745.6400146484375
656.0,0.362311064453125,0.05,0.06,225.0,-0.12808214070241117,0.01642710472279261,put,745.6400146484375
657.0,0.358404853515625,0.05,0.06,8.0,-0.12655891116188966,0.01642710472279261,put,745.6400146484375
658.0,0.35547519531249994,0.05,0.06,218.0,-0.12503799832118295,0.01642710472279261,put,745.6400146484375
659.0,0.35156898437499995,0.05,0.06,51.0,-0.12351939514399292,0.01642710472279261,put,745.6400146484375
660.0,0.34766277343749996,0.05,0.06,121.0,-0.12200309462602889,0.01642710472279261,put,745.6400146484375
661.0,0.3437565625,0.05,0.06,27.0,-0.12048908979481393,0.01642710472279261,put,745.6400146484375
662.0,0.3398503515625,0.05,0.06,4.0,-0.11897737370949199,0.01642710472279261,put,745.6400146484375
663.0,0.34180345703125,0.06,0.07,11.0,-0.11746793946063766,0.01642710472279261,put,745.6400146484375
664.0,0.33789724609375,0.06,0.07,2.0,-0.1159607801700663,0.01642710472279261,put,745.6400146484375
665.0,0.33399103515625,0.06,0.07,23.0,-0.11445588899064599,0.01642710472279261,put,745.6400146484375
666.0,0.33008482421874996,0.06,0.07,16.0,-0.11295325910611109,0.01642710472279261,put,745.6400146484375
667.0,0.32617861328125,0.06,0.07,16.0,-0.11145288373087649,0.01642710472279261,put,745.6400146484375
668.0,0.327155166015625,0.07,0.08,3.0,-0.10995475610985446,0.01642710472279261,put,745.6400146484375
669.0,0.3232489550781249,0.07,0.08,17.0,-0.1084588695182717,0.01642710472279261,put,745.6400146484375
670.0,0.3193427441406249,0.07,0.08,222.0,-0.10696521726148839,0.01642710472279261,put,745.6400146484375
671.0,0.3154365332031249,0.07,0.08,50.0,-0.10547379267481845,0.01642710472279261,put,745.6400146484375
672.0,0.31153032226562494,0.07,0.08,1.0,-0.10398458912335067,0.01642710472279261,put,745.6400146484375
673.0,0.31153032226562494,0.08,0.09,1361.0,-0.10249760000177238,0.01642710472279261,put,745.6400146484375
674.0,0.30762411132812495,0.08,0.09,68.0,-0.10101281873419313,0.01642710472279261,put,745.6400146484375
675.0,0.30371790039062496,0.08,0.09,152.0,-0.09953023877397033,0.01642710472279261,put,745.6400146484375
676.0,0.299811689453125,0.08,0.09,736.0,-0.09804985360353603,0.01642710472279261,put,745.6400146484375
677.0,0.295905478515625,0.08,0.09,183.0,-0.09657165673422523,0.01642710472279261,put,745.6400146484375
678.0,0.295905478515625,0.09,0.1,18.0,-0.09509564170610463,0.01642710472279261,put,745.6400146484375
679.0,0.2919992675781249,0.09,0.1,9.0,-0.09362180208780405,0.01642710472279261,put,745.6400146484375
680.0,0.2876047802734374,0.09,0.1,1680.0,-0.09215013147634776,0.01642710472279261,put,745.6400146484375
681.0,0.28711650390624993,0.1,0.11,27.0,-0.09068062349698776,0.01642710472279261,put,745.6400146484375
682.0,0.28321029296874994,0.1,0.11,46.0,-0.08921327180303813,0.01642710472279261,put,745.6400146484375
683.0,0.27930408203124996,0.1,0.11,48.0,-0.08774807007571014,0.01642710472279261,put,745.6400146484375
684.0,0.2749095947265625,0.1,0.11,532.0,-0.08628501202394973,0.01642710472279261,put,745.6400146484375
685.0,0.2739330419921875,0.11,0.12,221.0,-0.08482409138427487,0.01642710472279261,put,745.6400146484375
686.0,0.2700268310546875,0.11,0.12,325.0,-0.0833653019206149,0.01642710472279261,put,745.6400146484375
687.0,0.26856200195312496,0.12,0.13,152.0,-0.0819086374241509,0.01642710472279261,put,745.6400146484375
688.0,0.264655791015625,0.12,0.13,62.0,-0.08045409171315655,0.01642710472279261,put,745.6400146484375
689.0,0.260749580078125,0.12,0.13,419.0,-0.07900165863284161,0.01642710472279261,put,745.6400146484375
690.0,0.25879647460937505,0.13,0.14,953.0,-0.0775513320551951,0.01642710472279261,put,745.6400146484375
691.0,0.25489026367187506,0.13,0.14,9.0,-0.07610310587883025,0.01642710472279261,put,745.6400146484375
692.0,0.252937158203125,0.14,0.15,52.0,-0.07465697402883055,0.01642710472279261,put,745.6400146484375
693.0,0.249030947265625,0.14,0.15,148.0,-0.07321293045659699,0.01642710472279261,put,745.6400146484375
694.0,0.247077841796875,0.15,0.16,239.0,-0.07177096913969569,0.01642710472279261,put,745.6400146484375
695.0,0.24268335449218748,0.15,0.16,1196.0,-0.07033108408170805,0.01642710472279261,put,745.6400146484375
696.0,0.24073024902343748,0.16,0.17,202.0,-0.06889326931208051,0.01642710472279261,put,745.6400146484375
697.0,0.23828886718749998,0.17,0.18,197.0,-0.06745751888597624,0.01642710472279261,put,745.6400146484375
698.0,0.23413851806640623,0.17,0.18,307.0,-0.06602382688412775,0.01642710472279261,put,745.6400146484375
699.0,0.23169713623046873,0.18,0.19,233.0,-0.06459218741268995,0.01642710472279261,put,745.6400146484375
700.0,0.22925575439453127,0.19,0.2,2755.0,-0.0631625946030955,0.01642710472279261,put,745.6400146484375
701.0,0.22657023437499998,0.2,0.21,260.0,-0.06173504261191007,0.01642710472279261,put,745.6400146484375
702.0,0.2238847143554687,0.21,0.22,362.0,-0.06030952562068902,0.01642710472279261,put,745.6400146484375
703.0,0.22095505615234373,0.22,0.23,326.0,-0.05888603783583533,0.01642710472279261,put,745.6400146484375
704.0,0.2180253979492187,0.23,0.24,591.0,-0.057464573488457814,0.01642710472279261,put,745.6400146484375
705.0,0.21509573974609375,0.24,0.25,25108.0,-0.05604512683423154,0.01642710472279261,put,745.6400146484375
706.0,0.21192194335937498,0.25,0.26,582.0,-0.05462769215325809,0.01642710472279261,put,745.6400146484375
707.0,0.2087481469726562,0.26,0.27,346.0,-0.05321226374992739,0.01642710472279261,put,745.6400146484375
708.0,0.2067950415039062,0.27,0.29,941.0,-0.05179883595278036,0.01642710472279261,put,745.6400146484375
709.0,0.20337710693359373,0.29,0.3,574.0,-0.05038740311437272,0.01642710472279261,put,745.6400146484375
710.0,0.20093572509765623,0.3,0.32,6803.0,-0.04897795961113909,0.01642710472279261,put,745.6400146484375
711.0,0.19751779052734375,0.32,0.33,337.0,-0.0475704998432593,0.01642710472279261,put,745.6400146484375
712.0,0.1948322705078125,0.34,0.35,456.0,-0.04616501823452439,0.01642710472279261,put,745.6400146484375
713.0,0.19214675048828128,0.36,0.37,909.0,-0.0447615092322042,0.01642710472279261,put,745.6400146484375
714.0,0.18921709228515626,0.38,0.39,2363.0,-0.04335996730691584,0.01642710472279261,put,745.6400146484375
715.0,0.18616536499023437,0.4,0.41,37319.0,-0.04196038695249255,0.01642710472279261,put,745.6400146484375
716.0,0.18384605224609374,0.42,0.44,16602.0,-0.04056276268585457,0.01642710472279261,put,745.6400146484375
717.0,0.18140467041015623,0.45,0.47,1930.0,-0.0391670890468798,0.01642710472279261,put,745.6400146484375
718.0,0.178719150390625,0.48,0.5,1285.0,-0.037773360598275955,0.01642710472279261,put,745.6400146484375
719.0,0.17591156127929689,0.51,0.53,727.0,-0.03638157192545343,0.01642710472279261,put,745.6400146484375
720.0,0.17285983398437502,0.55,0.56,6641.0,-0.03499171763639922,0.01642710472279261,put,745.6400146484375
721.0,0.17029638305664066,0.59,0.6,1098.0,-0.033603792361551116,0.01642710472279261,put,745.6400146484375
722.0,0.16748879394531252,0.63,0.64,1327.0,-0.03221779075367394,0.01642710472279261,put,745.6400146484375
723.0,0.1651694812011719,0.67,0.69,2701.0,-0.03083370748773546,0.01642710472279261,put,745.6400146484375
724.0,0.1626060302734375,0.73,0.74,21622.0,-0.02945153726078376,0.01642710472279261,put,745.6400146484375
725.0,0.1596763720703125,0.78,0.79,12765.0,-0.028071274791825442,0.01642710472279261,put,745.6400146484375
726.0,0.15766223205566404,0.84,0.86,1900.0,-0.02669291482170411,0.01642710472279261,put,745.6400146484375
727.0,0.15528188476562502,0.91,0.93,3609.0,-0.025316452112980812,0.01642710472279261,put,745.6400146484375
728.0,0.15259636474609378,0.98,1.0,1970.0,-0.023941881449814184,0.01642710472279261,put,745.6400146484375
729.0,0.1500329138183594,1.06,1.08,1432.0,-0.022569197637841987,0.01642710472279261,put,745.6400146484375
730.0,0.1475915319824219,1.15,1.17,17811.0,-0.021198395504063414,0.01642710472279261,put,745.6400146484375
731.0,0.1452111846923828,1.25,1.27,1853.0,-0.019829469896721703,0.01642710472279261,put,745.6400146484375
732.0,0.14283083740234376,1.36,1.38,4626.0,-0.018462415685188624,0.01642710472279261,put,745.6400146484375
733.0,0.1404504901123047,1.48,1.5,1830.0,-0.01709722775984867,0.01642710472279261,put,745.6400146484375
734.0,0.1380091082763672,1.61,1.63,2451.0,-0.01573390103198456,0.01642710472279261,put,745.6400146484375
735.0,0.13575083007812502,1.76,1.78,10062.0,-0.014372430433663444,0.01642710472279261,put,745.6400146484375
736.0,0.13337048278808594,1.92,1.94,2420.0,-0.013012810917623975,0.01642710472279261,put,745.6400146484375
737.0,0.13111220458984374,2.1,2.12,3697.0,-0.011655037457163587,0.01642710472279261,put,745.6400146484375
738.0,0.12897599548339844,2.29,2.32,9343.0,-0.010299105046027674,0.01642710472279261,put,745.6400146484375
739.0,0.12653461364746094,2.51,2.53,12160.0,-0.008945008698298375,0.01642710472279261,put,745.6400146484375
740.0,0.1243373699951172,2.75,2.77,13596.0,-0.0075927434482846905,0.01642710472279261,put,745.6400146484375
741.0,0.12232322998046877,3.01,3.04,1587.0,-0.006242304350413332,0.01642710472279261,put,745.6400146484375
742.0,0.12018702087402343,3.3,3.33,2246.0,-0.0048936864791197495,0.01642710472279261,put,745.6400146484375
743.0,0.11811184631347656,3.62,3.65,3226.0,-0.003546884928741012,0.01642710472279261,put,745.6400146484375
744.0,0.1160671890258789,3.96,4.0,3831.0,-0.0022018948134082906,0.01642710472279261,put,745.6400146484375
745.0,0.11399201446533203,4.34,4.38,9996.0,-0.00085871126694062,0.01642710472279261,put,745.6400146484375
746.0,0.11182528808593749,4.76,4.79,6594.0,0.00048267055726062495,0.01642710472279261,put,745.6400146484375
747.0,0.10981114807128906,5.21,5.24,8616.0,0.0018222554863171012,0.01642710472279261,put,745.6400146484375
748.0,0.11109287353515623,5.67,5.86,5037.0,0.003160048327977059,0.01642710472279261,put,745.6400146484375
749.0,0.1090787335205078,6.13,6.38,819.0,0.004496053870719315,0.01642710472279261,put,745.6400146484375
750.0,0.1049894189453125,6.7,6.86,2246.0,0.005830276883855982,0.01642710472279261,put,745.6400146484375
751.0,0.10621010986328125,7.25,7.58,296.0,0.0071627221176346215,0.01642710472279261,put,745.6400146484375
752.0,0.10346355529785155,7.92,8.19,627.0,0.008493394303339723,0.01642710472279261,put,745.6400146484375
753.0,0.13385875915527345,8.51,9.98,188.0,0.009822298153393496,0.01642710472279261,put,745.6400146484375
754.0,0.10474528076171874,9.26,9.74,1127.0,0.011149438361455792,0.01642710472279261,put,745.6400146484375
755.0,0.09961837890625,9.97,10.39,514.0,0.012474819602524443,0.01642710472279261,put,745.6400146484375
756.0,0.09839768798828125,10.73,11.19,675.0,0.01379844653303276,0.01642710472279261,put,745.6400146484375
757.0,0.09577320251464845,11.5,11.99,36.0,0.015120323790948558,0.01642710472279261,put,745.6400146484375
758.0,0.09400320068359375,12.3,12.84,49.0,0.016440455995871458,0.01642710472279261,put,745.6400146484375
759.0,0.09168388793945312,13.14,13.71,169.0,0.01775884774912975,0.01642710472279261,put,745.6400146484375
760.0,0.14026738647460937,13.11,15.62,59.0,0.019075503633876605,0.01642710472279261,put,745.6400146484375
765.0,0.16352154846191408,17.77,20.46,60.0,0.025632904180035564,0.01642710472279261,put,745.6400146484375
766.0,0.16834327758789067,18.76,21.44,4.0,0.026939240094091047,0.01642710472279261,put,745.6400146484375
767.0,0.17347017944335938,19.75,22.43,4.0,0.028243871720755955,0.01642710472279261,put,745.6400146484375
768.0,0.1790853576660156,20.74,23.43,6.0,0.029546803501171955,0.01642710472279261,put,745.6400146484375
770.0,0.1900715759277344,22.63,25.43,9.0,0.03214758520122936,0.01642710472279261,put,745.6400146484375
771.0,0.19556468505859376,23.63,26.43,1.0,0.03344544391682934,0.01642710472279261,put,745.6400146484375
775.0,0.21692677612304687,28.62,30.43,11.0,0.038620099706846926,0.01642710472279261,put,745.6400146484375
780.0,0.242195078125,32.63,35.42,9.0,0.04505099003713724,0.01642710472279261,put,745.6400146484375
790.0,0.2916330603027343,42.63,45.42,2.0,0.057790015814566977,0.01642710472279261,put,745.6400146484375
795.0,0.3154365332031249,47.63,50.42,1.0,0.0640991850078318,0.01642710472279261,put,745.6400146484375
800.0,0.33875172973632806,52.63,55.42,5.0,0.07036879802142708,0.01642710472279261,put,745.6400146484375
805.0,0.36157864990234373,57.63,60.42,2.0,0.07659934777206326,0.01642710472279261,put,745.6400146484375
810.0,0.3839172937011719,62.65,65.42,2.0,0.08279131801998423,0.01642710472279261,put,745.6400146484375
820.0,0.4274959594726563,72.65,75.42,3.0,0.09506141061179856,0.01642710472279261,put,745.6400146484375
855.0,0.9269416485595703,115.73,118.0,,0.13685853929026004,0.01642710472279261,put,745.6400146484375
900.0,0.73633076171875,152.61,155.42,1.0,0.1881518336778106,0.01642710472279261,put,745.6400146484375
445.0,1.2675817871093749,300.22,303.01,,-0.5161686474802599,0.03559206023271732,call,745.6400146484375
510.0,0.983398603515625,235.33,238.12,4.0,-0.37983220392812866,0.03559206023271732,call,745.6400146484375
515.0,0.9614261669921874,230.33,233.12,1.0,-0.370076028982764,0.03559206023271732,call,745.6400146484375
520.0,0.9409185595703125,225.34,228.13,2.0,-0.3604141180710271,0.03559206023271732,call,745.6400146484375
525.0,0.9221199194335938,220.35,223.16,1.0,-0.3508446670548764,0.03559206023271732,call,745.6400146484375
530.0,0.9018564501953125,215.36,218.17,2.0,-0.34136592310033265,0.03559206023271732,call,745.6400146484375
560.0,0.7805197729492188,185.41,188.21,2.0,-0.2863061459173053,0.03559206023271732,call,745.6400146484375
565.0,0.7602563037109377,180.42,183.21,,-0.2774171985000593,0.03559206023271732,call,745.6400146484375
570.0,0.7414576635742187,175.44,178.22,1.0,-0.2686065688179044,0.03559206023271732,call,745.6400146484375
590.0,0.6644320666503909,155.48,158.27,4.0,-0.234120392746735,0.03559206023271732,call,745.6400146484375
594.0,0.6486851538085938,151.49,154.27,1.0,-0.22736361028385524,0.03559206023271732,call,745.6400146484375
598.0,0.6335485864257813,147.5,150.28,1.0,-0.22065217569586845,0.03559206023271732,call,745.6400146484375
600.0,0.6066933862304689,145.76,147.63,1.0,-0.21731327443035378,0.03559206023271732,call,745.6400146484375
601.0,0.6229285754394531,144.5,147.31,3.0,-0.21564799511129254,0.03559206023271732,call,745.6400146484375
603.0,0.6149940844726562,142.51,145.3,1.0,-0.21232573291931475,0.03559206023271732,call,745.6400146484375
604.0,0.6118202880859377,141.51,144.32,,-0.21066873171168524,0.03559206023271732,call,745.6400146484375
605.0,0.6074258007812501,140.51,143.31,1.0,-0.2090144716156587,0.03559206023271732,call,745.6400146484375
611.0,0.585941640625,134.53,137.35,2.0,-0.19914597047490482,0.03559206023271732,call,745.6400146484375
614.0,0.5736126623535156,131.54,134.33,1.0,-0.19424800149935773,0.03559206023271732,call,745.6400146484375
615.0,0.5704388659667969,130.54,133.35,1.0,-0.1926206618399823,0.03559206023271732,call,745.6400146484375
620.0,0.5513960876464845,125.56,128.35,1.0,-0.18452345160736294,0.03559206023271732,call,745.6400146484375
625.0,0.5330857238769531,120.57,123.38,3.0,-0.1764912799100987,0.03559206023271732,call,745.6400146484375
628.0,0.5219774365234374,117.58,120.39,7.0,-0.17170276317830144,0.03559206023271732,call,745.6400146484375
629.0,0.51758294921875,116.58,119.38,1.0,-0.1701116729460597,0.03559206023271732,call,745.6400146484375
630.0,0.5140429455566407,115.59,118.38,1.0,-0.16852311026092182,0.03559206023271732,call,745.6400146484375
631.0,0.5100146655273439,114.59,117.38,3.0,-0.16693706710528702,0.03559206023271732,call,745.6400146484375
634.0,0.5830119824218749,111.6,114.39,1.0,-0.1621939752092743,0.03559206023271732,call,745.6400146484375
635.0,0.579105771484375,110.61,113.4,5.0,-0.16061793075380856,0.03559206023271732,call,745.6400146484375
636.0,0.5756878369140624,109.61,112.42,1.0,-0.15904436630637803,0.03559206023271732,call,745.6400146484375
640.0,0.5579878186035157,105.63,108.42,7.0,-0.15277475329278267,0.03559206023271732,call,745.6400146484375
642.0,0.5491988439941409,103.63,106.42,1.0,-0.149654625956539,0.03559206023271732,call,745.6400146484375
644.0,0.5408371112060548,101.64,104.43,2.0,-0.1465442035421465,0.03559206023271732,call,745.6400146484375
645.0,0.5368698657226563,100.65,103.44,1.0,-0.14499261285072773,0.03559206023271732,call,745.6400146484375
646.0,0.5334519311523438,99.65,102.46,,-0.14344342586389836,0.03559206023271732,call,745.6400146484375
647.0,0.5285691674804689,98.66,101.45,1.0,-0.1418966351455996,0.03559206023271732,call,745.6400146484375
648.0,0.5250291638183593,97.66,100.47,,-0.14035223329422544,0.03559206023271732,call,745.6400146484375
649.0,0.5201464001464844,96.67,99.46,1.0,-0.13881021294241014,0.03559206023271732,call,745.6400146484375
650.0,0.5166674310302735,95.67,98.48,10.0,-0.13727056675681742,0.03559206023271732,call,745.6400146484375
651.0,0.5117846673583983,94.68,97.47,1.0,-0.13573328743793095,0.03559206023271732,call,745.6400146484375
652.0,0.5083056982421875,93.68,96.49,1.0,-0.13419836771984722,0.03559206023271732,call,745.6400146484375
653.0,0.5038501763916017,92.69,95.49,8.0,-0.1326658003700691,0.03559206023271732,call,745.6400146484375
654.0,0.49896741271972656,91.69,94.48,1.0,-0.13113557818930144,0.03559206023271732,call,745.6400146484375
655.0,0.4963429272460938,90.7,93.52,3.0,-0.1296076940112483,0.03559206023271732,call,745.6400146484375
656.0,0.4909718872070313,89.7,92.5,3.0,-0.12808214070241117,0.03559206023271732,call,745.6400146484375
657.0,0.48743188354492195,88.71,91.52,2.0,-0.12655891116188966,0.03559206023271732,call,745.6400146484375
658.0,0.48254911987304694,87.71,90.51,497.0,-0.12503799832118295,0.03559206023271732,call,745.6400146484375
659.0,0.4781546325683594,86.72,89.51,1.0,-0.12351939514399292,0.03559206023271732,call,745.6400146484375
660.0,0.47412635253906255,85.73,88.52,2.0,-0.12200309462602889,0.03559206023271732,call,745.6400146484375
661.0,0.4688773815917969,84.73,87.5,1.0,-0.12048908979481393,0.03559206023271732,call,745.6400146484375
662.0,0.46570358520507815,83.74,86.53,24.0,-0.11897737370949199,0.03559206023271732,call,745.6400146484375
663.0,0.4616753051757813,82.75,85.54,2.0,-0.11746793946063766,0.03559206023271732,call,745.6400146484375
664.0,0.45642633422851564,81.75,84.52,1.0,-0.1159607801700663,0.03559206023271732,call,745.6400146484375
665.0,0.4531915032958984,80.76,83.55,1.0,-0.11445588899064599,0.03559206023271732,call,745.6400146484375
666.0,0.4491632232666015,79.77,82.56,1.0,-0.11295325910611109,0.03559206023271732,call,745.6400146484375
667.0,0.4451349432373046,78.77,81.57,4.0,-0.11145288373087649,0.03559206023271732,call,745.6400146484375
668.0,0.4410456286621094,77.78,80.58,3.0,-0.10995475610985446,0.03559206023271732,call,745.6400146484375
669.0,0.43659010681152344,76.78,79.58,1.0,-0.1084588695182717,0.03559206023271732,call,745.6400146484375
670.0,0.43256182678222654,75.8,78.59,49.0,-0.10696521726148839,0.03559206023271732,call,745.6400146484375
671.0,0.42847251220703125,74.81,77.6,3.0,-0.10547379267481845,0.03559206023271732,call,745.6400146484375
672.0,0.42438319763183596,73.81,76.61,1.0,-0.10398458912335067,0.03559206023271732,call,745.6400146484375
673.0,0.4202938830566406,72.82,75.62,4.0,-0.10249760000177238,0.03559206023271732,call,745.6400146484375
674.0,0.4157773266601562,71.83,74.62,3.0,-0.10101281873419313,0.03559206023271732,call,745.6400146484375
675.0,0.411688012084961,70.84,73.63,1.0,-0.09953023877397033,0.03559206023271732,call,745.6400146484375
676.0,0.40759869750976563,69.85,72.64,1.0,-0.09804985360353603,0.03559206023271732,call,745.6400146484375
677.0,0.40344834838867194,68.86,71.65,3.0,-0.09657165673422523,0.03559206023271732,call,745.6400146484375
678.0,0.3993590338134766,67.87,70.66,1.0,-0.09509564170610463,0.03559206023271732,call,745.6400146484375
679.0,0.3952086846923829,66.88,69.67,3.0,-0.09362180208780405,0.03559206023271732,call,745.6400146484375
680.0,0.3917907501220703,65.89,68.7,17.0,-0.09215013147634776,0.03559206023271732,call,745.6400146484375
681.0,0.3876404010009765,64.9,67.71,9.0,-0.09068062349698776,0.03559206023271732,call,745.6400146484375
682.0,0.38196418823242184,63.91,66.68,2.0,-0.08921327180303813,0.03559206023271732,call,745.6400146484375
683.0,0.3789124609375,62.92,65.72,29.0,-0.08774807007571014,0.03559206023271732,call,745.6400146484375
684.0,0.37470107727050783,61.94,64.73,2.0,-0.08628501202394973,0.03559206023271732,call,745.6400146484375
685.0,0.3712221081542969,60.95,63.76,5.0,-0.08482409138427487,0.03559206023271732,call,745.6400146484375
686.0,0.36664451721191404,59.96,62.76,5.0,-0.0833653019206149,0.03559206023271732,call,745.6400146484375
687.0,0.36237209899902345,58.97,61.77,2.0,-0.0819086374241509,0.03559206023271732,call,745.6400146484375
688.0,0.35883209533691407,57.99,60.8,2.0,-0.08045409171315655,0.03559206023271732,call,745.6400146484375
689.0,0.35425450439453116,57.0,59.8,1.0,-0.07900165863284161,0.03559206023271732,call,745.6400146484375
690.0,0.34998208618164056,56.02,58.81,6.0,-0.0775513320551951,0.03559206023271732,call,745.6400146484375
691.0,0.3460148406982422,55.03,57.83,26.0,-0.07610310587883025,0.03559206023271732,call,745.6400146484375
692.0,0.31915964050292955,54.29,56.19,1.0,-0.07465697402883055,0.03559206023271732,call,745.6400146484375
693.0,0.3380803497314453,53.07,55.87,10.0,-0.07321293045659699,0.03559206023271732,call,745.6400146484375
694.0,0.33374689697265625,52.08,54.88,1.0,-0.07177096913969569,0.03559206023271732,call,745.6400146484375
695.0,0.3078682495117187,51.34,53.25,5.0,-0.07033108408170805,0.03559206023271732,call,745.6400146484375
696.0,0.32569033691406246,50.12,52.92,1.0,-0.06889326931208051,0.03559206023271732,call,745.6400146484375
697.0,0.3219061950683593,49.15,51.95,5.0,-0.06745751888597624,0.03559206023271732,call,745.6400146484375
698.0,0.3181220532226562,48.17,50.98,10.0,-0.06602382688412775,0.03559206023271732,call,745.6400146484375
699.0,0.31372756591796874,47.19,49.99,6.0,-0.06459218741268995,0.03559206023271732,call,745.6400146484375
700.0,0.26746338012695314,47.53,47.74,392.0,-0.0631625946030955,0.03559206023271732,call,745.6400146484375
701.0,0.30573204040527346,45.24,48.04,3.0,-0.06173504261191007,0.03559206023271732,call,745.6400146484375
702.0,0.3018258294677735,44.27,47.07,5.0,-0.06030952562068902,0.03559206023271732,call,745.6400146484375
703.0,0.2979196185302734,43.3,46.1,2.0,-0.05888603783583533,0.03559206023271732,call,745.6400146484375
704.0,0.2940134075927734,42.33,45.13,6.0,-0.057464573488457814,0.03559206023271732,call,745.6400146484375
705.0,0.2710033837890625,41.82,43.52,213.0,-0.05604512683423154,0.03559206023271732,call,745.6400146484375
706.0,0.2862925375366211,40.4,43.2,1.0,-0.05462769215325809,0.03559206023271732,call,745.6400146484375
707.0,0.2640454455566406,39.65,41.6,1.0,-0.05321226374992739,0.03559206023271732,call,745.6400146484375
708.0,0.26044440734863283,38.67,40.64,7.0,-0.05179883595278036,0.03559206023271732,call,745.6400146484375
709.0,0.25714854187011715,37.74,39.69,4.0,-0.05038740311437272,0.03559206023271732,call,745.6400146484375
710.0,0.24799335998535155,36.71,38.54,36.0,-0.04897795961113909,0.03559206023271732,call,745.6400146484375
711.0,0.2356033471679687,36.73,37.28,14.0,-0.0475704998432593,0.03559206023271732,call,745.6400146484375
712.0,0.23236851623535154,35.79,36.33,4.0,-0.04616501823452439,0.03559206023271732,call,745.6400146484375
713.0,0.22907265075683597,34.83,35.38,1.0,-0.0447615092322042,0.03559206023271732,call,745.6400146484375
714.0,0.22602092346191405,33.89,34.44,2.0,-0.04335996730691584,0.03559206023271732,call,745.6400146484375
715.0,0.22290816162109373,32.94,33.5,13.0,-0.04196038695249255,0.03559206023271732,call,745.6400146484375
716.0,0.21973436523437498,32.03,32.56,235.0,-0.04056276268585457,0.03559206023271732,call,745.6400146484375
717.0,0.21643849975585935,31.07,31.62,102.0,-0.0391670890468798,0.03559206023271732,call,745.6400146484375
718.0,0.213875048828125,30.14,30.71,2.0,-0.037773360598275955,0.03559206023271732,call,745.6400146484375
719.0,0.21070125244140625,29.22,29.78,32.0,-0.03638157192545343,0.03559206023271732,call,745.6400146484375
720.0,0.20771055969238278,28.35,28.86,139.0,-0.03499171763639922,0.03559206023271732,call,745.6400146484375
721.0,0.20459779785156246,27.42,27.94,6.0,-0.033603792361551116,0.03559206023271732,call,745.6400146484375
722.0,0.2016681396484375,26.51,27.03,27.0,-0.03221779075367394,0.03559206023271732,call,745.6400146484375
723.0,0.19886055053710935,25.6,26.13,4.0,-0.03083370748773546,0.03559206023271732,call,745.6400146484375
724.0,0.19617503051757812,24.71,25.24,17.0,-0.02945153726078376,0.03559206023271732,call,745.6400146484375
725.0,0.1919941641235352,23.88,24.29,108.0,-0.028071274791825442,0.03559206023271732,call,745.6400146484375
726.0,0.19043778320312502,22.94,23.46,231.0,-0.02669291482170411,0.03559206023271732,call,745.6400146484375
727.0,0.1878438150024414,22.07,22.59,8.0,-0.025316452112980812,0.03559206023271732,call,745.6400146484375
728.0,0.1850972604370117,21.2,21.72,34.0,-0.023941881449814184,0.03559206023271732,call,745.6400146484375
729.0,0.18244225769042968,20.34,20.86,15.0,-0.022569197637841987,0.03559206023271732,call,745.6400146484375
730.0,0.17981777221679687,19.5,20.01,191.0,-0.021198395504063414,0.03559206023271732,call,745.6400146484375
731.0,0.1764303549194336,18.74,19.13,49.0,-0.019829469896721703,0.03559206023271732,call,745.6400146484375
732.0,0.17371431762695314,17.91,18.29,68.0,-0.018462415685188624,0.03559206023271732,call,745.6400146484375
733.0,0.1710287976074219,17.1,17.46,27.0,-0.01709722775984867,0.03559206023271732,call,745.6400146484375
734.0,0.16834327758789067,16.3,16.64,59.0,-0.01573390103198456,0.03559206023271732,call,745.6400146484375
735.0,0.1662681030273438,15.5,15.86,640.0,-0.014372430433663444,0.03559206023271732,call,745.6400146484375
736.0,0.16358258300781253,14.72,15.06,55.0,-0.013012810917623975,0.03559206023271732,call,745.6400146484375
737.0,0.16144637390136718,13.95,14.3,23.0,-0.011655037457163587,0.03559206023271732,call,745.6400146484375
738.0,0.15924913024902343,13.24,13.55,114.0,-0.010299105046027674,0.03559206023271732,call,745.6400146484375
739.0,0.15699085205078128,12.51,12.81,53.0,-0.008945008698298375,0.03559206023271732,call,745.6400146484375
740.0,0.1538170556640625,11.83,12.03,670.0,-0.0075927434482846905,0.03559206023271732,call,745.6400146484375
741.0,0.15265739929199224,11.1,11.38,69.0,-0.006242304350413332,0.03559206023271732,call,745.6400146484375
742.0,0.1505211901855469,10.4,10.69,139.0,-0.0048936864791197495,0.03559206023271732,call,745.6400146484375
743.0,0.1486596365356445,9.73,10.03,254.0,-0.003546884928741012,0.03559206023271732,call,745.6400146484375
744.0,0.14664549652099607,9.12,9.38,202.0,-0.0022018948134082906,0.03559206023271732,call,745.6400146484375
745.0,0.14347170013427735,8.58,8.68,2238.0,-0.00085871126694062,0.03559206023271732,call,745.6400146484375
746.0,0.14136600830078128,8.02,8.06,921.0,0.00048267055726062495,0.03559206023271732,call,745.6400146484375
747.0,0.13959600646972659,7.44,7.48,2200.0,0.0018222554863171012,0.03559206023271732,call,745.6400146484375
748.0,0.13803962554931642,6.89,6.93,1291.0,0.003160048327977059,0.03559206023271732,call,745.6400146484375
749.0,0.1364222100830078,6.36,6.4,1209.0,0.004496053870719315,0.03559206023271732,call,745.6400146484375
750.0,0.13483531188964848,5.85,5.89,4259.0,0.005830276883855982,0.03559206023271732,call,745.6400146484375
751.0,0.13337048278808594,5.37,5.41,394.0,0.0071627221176346215,0.03559206023271732,call,745.6400146484375
752.0,0.13187513641357423,4.91,4.95,733.0,0.008493394303339723,0.03559206023271732,call,745.6400146484375
753.0,0.13034927276611324,4.48,4.51,1209.0,0.009822298153393496,0.03559206023271732,call,745.6400146484375
754.0,0.12915909912109375,4.07,4.11,422.0,0.011149438361455792,0.03559206023271732,call,745.6400146484375
755.0,0.1279078909301758,3.69,3.73,1908.0,0.012474819602524443,0.03559206023271732,call,745.6400146484375
756.0,0.12662616546630856,3.34,3.37,850.0,0.01379844653303276,0.03559206023271732,call,745.6400146484375
757.0,0.12549702636718751,3.01,3.04,302.0,0.015120323790948558,0.03559206023271732,call,745.6400146484375
758.0,0.12436788726806641,2.7,2.73,1913.0,0.016440455995871458,0.03559206023271732,call,745.6400146484375
759.0,0.12342185180664064,2.42,2.45,337.0,0.01775884774912975,0.03559206023271732,call,745.6400146484375
760.0,0.12226219543457033,2.15,2.18,1877.0,0.019075503633876605,0.03559206023271732,call,745.6400146484375
761.0,0.12131615997314452,1.91,1.94,500.0,0.020390428215185698,0.03559206023271732,call,745.6400146484375
762.0,0.12043115905761718,1.7,1.72,313.0,0.021703626040146157,0.03559206023271732,call,745.6400146484375
763.0,0.1198208135986328,1.5,1.53,101.0,0.02301510163795691,0.03559206023271732,call,745.6400146484375
764.0,0.11908839904785155,1.32,1.35,528.0,0.024324859520020416,0.03559206023271732,call,745.6400146484375
765.0,0.11811184631347656,1.16,1.18,710.0,0.025632904180035564,0.03559206023271732,call,745.6400146484375
766.0,0.11762356994628906,1.01,1.04,323.0,0.026939240094091047,0.03559206023271732,call,745.6400146484375
767.0,0.11701322448730468,0.88,0.91,1019.0,0.028243871720755955,0.03559206023271732,call,745.6400146484375
768.0,0.11634184448242188,0.77,0.79,429.0,0.029546803501171955,0.03559206023271732,call,745.6400146484375
769.0,0.1159146026611328,0.67,0.69,1191.0,0.03084803985914378,0.03559206023271732,call,745.6400146484375
770.0,0.11548736083984376,0.58,0.6,1684.0,0.03214758520122936,0.03559206023271732,call,745.6400146484375
771.0,0.11512115356445313,0.5,0.52,148.0,0.03344544391682934,0.03559206023271732,call,745.6400146484375
772.0,0.1147549462890625,0.44,0.45,74.0,0.034741620378276036,0.03559206023271732,call,745.6400146484375
773.0,0.11512115356445313,0.38,0.4,115.0,0.03603611894092185,0.03559206023271732,call,745.6400146484375
774.0,0.11451080810546876,0.33,0.34,1376.0,0.03732894394322702,0.03559206023271732,call,745.6400146484375
775.0,0.11487701538085937,0.29,0.3,4315.0,0.038620099706846926,0.03559206023271732,call,745.6400146484375
776.0,0.1147549462890625,0.25,0.26,8.0,0.039909590536718484,0.03559206023271732,call,745.6400146484375
777.0,0.11524322265625,0.22,0.23,164.0,0.041197420721147196,0.03559206023271732,call,745.6400146484375
778.0,0.11524322265625,0.19,0.2,3.0,0.04248359453189138,0.03559206023271732,call,745.6400146484375
779.0,0.116219775390625,0.17,0.18,37.0,0.04376811622424806,0.03559206023271732,call,745.6400146484375
780.0,0.1167080517578125,0.15,0.16,4124.0,0.04505099003713724,0.03559206023271732,call,745.6400146484375
781.0,0.11695218994140624,0.13,0.14,7.0,0.0463322201931858,0.03559206023271732,call,745.6400146484375
782.0,0.11841701904296875,0.12,0.13,6.0,0.04761181089881093,0.03559206023271732,call,745.6400146484375
783.0,0.11963770996093749,0.11,0.12,2.0,0.048889766344302976,0.03559206023271732,call,745.6400146484375
784.0,0.1206142626953125,0.1,0.11,6.0,0.05016609070390774,0.03559206023271732,call,745.6400146484375
785.0,0.1215908154296875,0.09,0.1,268.0,0.05144078813590835,0.03559206023271732,call,745.6400146484375
786.0,0.12256736816406251,0.08,0.09,1.0,0.05271386278270627,0.03559206023271732,call,745.6400146484375
787.0,0.12305564453125001,0.07,0.08,2.0,0.05398531877090297,0.03559206023271732,call,745.6400146484375
789.0,0.12549702636718751,0.06,0.07,2.0,0.05652339119937402,0.03559206023271732,call,745.6400146484375
790.0,0.127938408203125,0.06,0.07,1317.0,0.057790015814566977,0.03559206023271732,call,745.6400146484375
791.0,0.127938408203125,0.05,0.06,12.0,0.059055038121153695,0.03559206023271732,call,745.6400146484375
792.0,0.13037979003906247,0.05,0.06,33.0,0.0603184621679257,0.03559206023271732,call,745.6400146484375
793.0,0.132821171875,0.05,0.06,56.0,0.06158029198834784,0.03559206023271732,call,745.6400146484375
794.0,0.13526255371093754,0.04,0.06,33.0,0.0628405316006356,0.03559206023271732,call,745.6400146484375
795.0,0.13477427734375003,0.04,0.05,55.0,0.0640991850078318,0.03559206023271732,call,745.6400146484375
800.0,0.14258669921875,0.03,0.04,939.0,0.07036879802142708,0.03559206023271732,call,745.6400146484375
805.0,0.15332877929687502,0.03,0.04,80.0,0.07659934777206326,0.03559206023271732,call,745.6400146484375
810.0,0.159188095703125,0.02,0.03,98.0,0.08279131801998423,0.03559206023271732,call,745.6400146484375
815.0,0.16993017578125003,0.02,0.03,79.0,0.08894518359436258,0.03559206023271732,call,745.6400146484375
820.0,0.179695703125,0.02,0.03,219.0,0.09506141061179856,0.03559206023271732,call,745.6400146484375
825.0,0.18360191406249998,0.01,0.02,240.0,0.10114045668818084,0.03559206023271732,call,745.6400146484375
830.0,0.19336744140625,0.01,0.02,47.0,0.10718277114414336,0.03559206023271732,call,745.6400146484375
835.0,0.20313296874999998,0.01,0.02,56.0,0.11318879520435532,0.03559206023271732,call,745.6400146484375
840.0,0.21289849609375,0.01,0.02,39.0,0.11915896219085904,0.03559206023271732,call,745.6400146484375
845.0,0.22266402343749997,0.01,0.02,80.0,0.1250936977106737,0.03559206023271732,call,745.6400146484375
850.0,0.2304764453125,0.01,0.02,66.0,0.13099341983786186,0.03559206023271732,call,745.6400146484375
855.0,0.24024197265624997,0.01,0.02,1124.0,0.13685853929026004,0.03559206023271732,call,745.6400146484375
860.0,0.2500075,0.0,0.02,739.0,0.14268945960105334,0.03559206023271732,call,745.6400146484375
865.0,0.257819921875,0.0,0.02,1.0,0.14848657728537912,0.03559206023271732,call,745.6400146484375
870.0,0.25391371093750004,0.0,0.01,1.0,0.15425028200212929,0.03559206023271732,call,745.6400146484375
875.0,0.2617261328125,0.0,0.01,2200.0,0.15998095671111423,0.03559206023271732,call,745.6400146484375
880.0,0.2695385546875,0.0,0.01,100.0,0.16567897782575203,0.03559206023271732,call,745.6400146484375
885.0,0.27735097656249996,0.0,0.01,37.0,0.1713447153614293,0.03559206023271732,call,745.6400146484375
895.0,0.29688203124999996,0.0,0.01,,0.18258078862835514,0.03559206023271732,call,745.6400146484375
900.0,0.304694453125,0.0,0.01,801.0,0.1881518336778106,0.03559206023271732,call,745.6400146484375
400.0,0.9062509375,0.0,0.01,120.0,-0.6227783825385182,0.03559206023271732,put,745.6400146484375
405.0,0.87500125,0.0,0.01,120.0,-0.6103558625399611,0.03559206023271732,put,745.6400146484375
410.0,0.87500125,0.0,0.01,15.0,-0.5980857699481468,0.03559206023271732,put,745.6400146484375
415.0,0.8437515624999999,0.0,0.01,120.0,-0.585964409415802,0.03559206023271732,put,745.6400146484375
420.0,0.8437515624999999,0.0,0.01,3.0,-0.5739882183690863,0.03559206023271732,put,745.6400146484375
425.0,0.8125018749999999,0.0,0.01,360.0,-0.5621537607220835,0.03559206023271732,put,745.6400146484375
430.0,0.79687703125,0.0,0.01,120.0,-0.550457720958892,0.03559206023271732,put,745.6400146484375
435.0,0.7812521875,0.0,0.01,2.0,-0.538896898557816,0.03559206023271732,put,745.6400146484375
440.0,0.7656273437500001,0.0,0.01,120.0,-0.5274682027341933,0.03559206023271732,put,745.6400146484375
445.0,0.7500025,0.0,0.01,120.0,-0.5161686474802599,0.03559206023271732,put,745.6400146484375
450.0,0.73437765625,0.0,0.01,360.0,-0.5049953468821347,0.03559206023271732,put,745.6400146484375
455.0,0.7187528125,0.0,0.01,432.0,-0.49394551069554976,0.03559206023271732,put,745.6400146484375
460.0,0.70312796875,0.0,0.01,575.0,-0.4830164401633595,0.03559206023271732,put,745.6400146484375
465.0,0.6875031250000001,0.0,0.01,300.0,-0.47220552405914384,0.03559206023271732,put,745.6400146484375
470.0,0.6718782812500002,0.0,0.01,240.0,-0.4615102349423959,0.03559206023271732,put,745.6400146484375
475.0,0.6562534375000001,0.0,0.01,60.0,-0.45092812561185897,0.03559206023271732,put,745.6400146484375
480.0,0.6796907031250001,0.0,0.02,96.0,-0.4404568257445636,0.03559206023271732,put,745.6400146484375
485.0,0.6875031250000001,0.01,0.02,10.0,-0.430094038709017,0.03559206023271732,put,745.6400146484375
490.0,0.6718782812500002,0.01,0.02,100.0,-0.4198375385418279,0.03559206023271732,put,745.6400146484375
495.0,0.6562534375000001,0.01,0.02,16.0,-0.40968516707780994,0.03559206023271732,put,745.6400146484375
500.0,0.64062859375,0.01,0.02,10.0,-0.3996348312243085,0.03559206023271732,put,745.6400146484375
505.0,0.6250037500000001,0.01,0.02,87.0,-0.3896845003711403,0.03559206023271732,put,745.6400146484375
510.0,0.6093789062500001,0.01,0.02,130.0,-0.37983220392812866,0.03559206023271732,put,745.6400146484375
515.0,0.5937540625000001,0.01,0.02,21.0,-0.370076028982764,0.03559206023271732,put,745.6400146484375
520.0,0.5820354296875,0.01,0.02,3.0,-0.3604141180710271,0.03559206023271732,put,745.6400146484375
525.0,0.5664105859375,0.01,0.02,1.0,-0.3508446670548764,0.03559206023271732,put,745.6400146484375
530.0,0.57812921875,0.02,0.03,10.0,-0.34136592310033265,0.03559206023271732,put,745.6400146484375
535.0,0.5625043750000001,0.02,0.03,1587.0,-0.3319761827504936,0.03559206023271732,put,745.6400146484375
540.0,0.5468795312500001,0.02,0.03,2680.0,-0.3226737900881801,0.03559206023271732,put,745.6400146484375
545.0,0.5312546875,0.02,0.03,3.0,-0.3134571349832561,0.03559206023271732,put,745.6400146484375
550.0,0.5195360546875,0.02,0.03,11.0,-0.3043246514199836,0.03559206023271732,put,745.6400146484375
555.0,0.5195360546875,0.03,0.04,7.0,-0.2952748159000657,0.03559206023271732,put,745.6400146484375
560.0,0.5039112109375,0.03,0.04,1.0,-0.2863061459173053,0.03559206023271732,put,745.6400146484375
565.0,0.49609878906250005,0.03,0.04,1340.0,-0.2774171985000593,0.03559206023271732,put,745.6400146484375
570.0,0.48242705078125003,0.03,0.04,2377.0,-0.2686065688179044,0.03559206023271732,put,745.6400146484375
575.0,0.46680220703125,0.03,0.04,1229.0,-0.2598728888491498,0.03559206023271732,put,745.6400146484375
580.0,0.46289599609375004,0.04,0.05,50.0,-0.25121482610603507,0.03559206023271732,put,745.6400146484375
585.0,0.44922425781249997,0.04,0.05,15.0,-0.24263108241464362,0.03559206023271732,put,745.6400146484375
588.0,0.43945873046875,0.04,0.05,5.0,-0.23751598174787325,0.03559206023271732,put,745.6400146484375
589.0,0.437505625,0.04,0.05,7.0,-0.23581674599491345,0.03559206023271732,put,745.6400146484375
590.0,0.4335994140625,0.04,0.05,311.0,-0.234120392746735,0.03559206023271732,put,745.6400146484375
591.0,0.43164630859375,0.04,0.05,100.0,-0.23242691224040204,0.03559206023271732,put,745.6400146484375
592.0,0.43555251953125,0.05,0.06,2.0,-0.23073629476249452,0.03559206023271732,put,745.6400146484375
593.0,0.4335994140625,0.05,0.06,1.0,-0.22904853064877473,0.03559206023271732,put,745.6400146484375
594.0,0.43066975585937506,0.05,0.06,1.0,-0.22736361028385524,0.03559206023271732,put,745.6400146484375
595.0,0.42774009765625004,0.05,0.06,1551.0,-0.22568152410087036,0.03559206023271732,put,745.6400146484375
596.0,0.424810439453125,0.05,0.06,1838.0,-0.22400226258115036,0.03559206023271732,put,745.6400146484375
597.0,0.42188078125,0.05,0.06,82.0,-0.22232581625389813,0.03559206023271732,put,745.6400146484375
598.0,0.418951123046875,0.05,0.06,103.0,-0.22065217569586845,0.03559206023271732,put,745.6400146484375
599.0,0.41602146484374997,0.05,0.06,801.0,-0.21898133153105082,0.03559206023271732,put,745.6400146484375
600.0,0.41309180664062495,0.05,0.06,8.0,-0.21731327443035378,0.03559206023271732,put,745.6400146484375
601.0,0.4101621484375,0.05,0.06,802.0,-0.21564799511129254,0.03559206023271732,put,745.6400146484375
602.0,0.407232490234375,0.05,0.06,100.0,-0.2139854843376792,0.03559206023271732,put,745.6400146484375
603.0,0.411138701171875,0.06,0.07,200.0,-0.21232573291931475,0.03559206023271732,put,745.6400146484375
604.0,0.40820904296875,0.06,0.07,225.0,-0.21066873171168524,0.03559206023271732,put,745.6400146484375
605.0,0.405279384765625,0.06,0.07,6.0,-0.2090144716156587,0.03559206023271732,put,745.6400146484375
606.0,0.4023497265625,0.06,0.07,1.0,-0.20736294357718568,0.03559206023271732,put,745.6400146484375
607.0,0.39942006835937505,0.06,0.07,450.0,-0.20571413858700197,0.03559206023271732,put,745.6400146484375
608.0,0.39649041015625003,0.06,0.07,275.0,-0.2040680476803332,0.03559206023271732,put,745.6400146484375
609.0,0.393560751953125,0.06,0.07,276.0,-0.20242466193660316,0.03559206023271732,put,745.6400146484375
610.0,0.39063109375,0.06,0.07,107.0,-0.20078397247914323,0.03559206023271732,put,745.6400146484375
611.0,0.393560751953125,0.07,0.08,1.0,-0.19914597047490482,0.03559206023271732,put,745.6400146484375
612.0,0.39063109375,0.07,0.08,2.0,-0.19751064713417402,0.03559206023271732,put,745.6400146484375
613.0,0.387701435546875,0.07,0.08,1.0,-0.19587799371028883,0.03559206023271732,put,745.6400146484375
614.0,0.38477177734374995,0.07,0.08,275.0,-0.19424800149935773,0.03559206023271732,put,745.6400146484375
615.0,0.38184211914062494,0.07,0.08,1161.0,-0.1926206618399823,0.03559206023271732,put,745.6400146484375
616.0,0.3789124609375,0.07,0.08,1219.0,-0.19099596611298036,0.03559206023271732,put,745.6400146484375
617.0,0.375982802734375,0.07,0.08,3.0,-0.18937390574111232,0.03559206023271732,put,745.6400146484375
618.0,0.37793590820312495,0.08,0.09,4.0,-0.18775447218880945,0.03559206023271732,put,745.6400146484375
619.0,0.37500625,0.08,0.09,12.0,-0.1861376569619041,0.03559206023271732,put,745.6400146484375
620.0,0.372076591796875,0.08,0.09,1.0,-0.18452345160736294,0.03559206023271732,put,745.6400146484375
621.0,0.36914693359375,0.08,0.09,1.0,-0.18291184771302138,0.03559206023271732,put,745.6400146484375
622.0,0.366217275390625,0.08,0.09,100.0,-0.18130283690732069,0.03559206023271732,put,745.6400146484375
623.0,0.3632876171875,0.08,0.09,108.0,-0.17969641085904708,0.03559206023271732,put,745.6400146484375
624.0,0.36035795898437495,0.08,0.09,3.0,-0.17809256127707254,0.03559206023271732,put,745.6400146484375
625.0,0.362311064453125,0.09,0.1,50.0,-0.1764912799100987,0.03559206023271732,put,745.6400146484375
626.0,0.35938140625,0.09,0.1,4.0,-0.17489255854640165,0.03559206023271732,put,745.6400146484375
627.0,0.35645174804687496,0.09,0.1,1.0,-0.17329638901357944,0.03559206023271732,put,745.6400146484375
628.0,0.35352208984374994,0.09,0.1,1.0,-0.17170276317830144,0.03559206023271732,put,745.6400146484375
629.0,0.3505924316406249,0.09,0.1,63.0,-0.1701116729460597,0.03559206023271732,put,745.6400146484375
630.0,0.35108070800781244,0.1,0.11,41.0,-0.16852311026092182,0.03559206023271732,put,745.6400146484375
631.0,0.3481510498046875,0.1,0.11,3.0,-0.16693706710528702,0.03559206023271732,put,745.6400146484375
632.0,0.3452213916015625,0.1,0.11,1.0,-0.1653535354996427,0.03559206023271732,put,745.6400146484375
633.0,0.34229173339843744,0.1,0.11,3.0,-0.16377250750232394,0.03559206023271732,put,745.6400146484375
634.0,0.3393620751953125,0.1,0.11,57.0,-0.1621939752092743,0.03559206023271732,put,745.6400146484375
635.0,0.3398503515625,0.11,0.12,50.0,-0.16061793075380856,0.03559206023271732,put,745.6400146484375
636.0,0.336920693359375,0.11,0.12,17.0,-0.15904436630637803,0.03559206023271732,put,745.6400146484375
637.0,0.33399103515625,0.11,0.12,90.0,-0.1574732740743368,0.03559206023271732,put,745.6400146484375
638.0,0.331061376953125,0.11,0.12,101.0,-0.15590464630171025,0.03559206023271732,put,745.6400146484375
639.0,0.331061376953125,0.12,0.13,8.0,-0.15433847526896544,0.03559206023271732,put,745.6400146484375
640.0,0.32813171874999997,0.12,0.13,381.0,-0.15277475329278267,0.03559206023271732,put,745.6400146484375
641.0,0.32520206054687495,0.12,0.13,58.0,-0.15121347272583016,0.03559206023271732,put,745.6400146484375
642.0,0.32227240234374993,0.12,0.13,8.0,-0.149654625956539,0.03559206023271732,put,745.6400146484375
643.0,0.32227240234374993,0.13,0.14,10.0,-0.14809820540888075,0.03559206023271732,put,745.6400146484375
644.0,0.3193427441406249,0.13,0.14,1.0,-0.1465442035421465,0.03559206023271732,put,745.6400146484375
645.0,0.31641308593749995,0.13,0.14,91.0,-0.14499261285072773,0.03559206023271732,put,745.6400146484375
646.0,0.31641308593749995,0.14,0.15,1.0,-0.14344342586389836,0.03559206023271732,put,745.6400146484375
647.0,0.313483427734375,0.14,0.15,1.0,-0.1418966351455996,0.03559206023271732,put,745.6400146484375
648.0,0.3100654931640625,0.14,0.15,32.0,-0.14035223329422544,0.03559206023271732,put,745.6400146484375
649.0,0.309577216796875,0.15,0.16,1.0,-0.13881021294241014,0.03559206023271732,put,745.6400146484375
650.0,0.30664755859375,0.15,0.16,365.0,-0.13727056675681742,0.03559206023271732,put,745.6400146484375
651.0,0.3061592822265625,0.15,0.17,55.0,-0.13573328743793095,0.03559206023271732,put,745.6400146484375
652.0,0.30322962402343745,0.16,0.17,5.0,-0.13419836771984722,0.03559206023271732,put,745.6400146484375
653.0,0.3002999658203125,0.16,0.17,7.0,-0.1326658003700691,0.03559206023271732,put,745.6400146484375
654.0,0.29932341308593746,0.17,0.18,10.0,-0.13113557818930144,0.03559206023271732,put,745.6400146484375
655.0,0.2963937548828125,0.17,0.18,17.0,-0.1296076940112483,0.03559206023271732,put,745.6400146484375
656.0,0.2954172021484375,0.17,0.19,20.0,-0.12808214070241117,0.03559206023271732,put,745.6400146484375
657.0,0.2924875439453124,0.18,0.19,3.0,-0.12655891116188966,0.03559206023271732,put,745.6400146484375
658.0,0.2893137475585937,0.18,0.19,11.0,-0.12503799832118295,0.03559206023271732,put,745.6400146484375
659.0,0.2880930566406249,0.19,0.2,48.0,-0.12351939514399292,0.03559206023271732,put,745.6400146484375
660.0,0.28516339843749994,0.19,0.2,74.0,-0.12200309462602889,0.03559206023271732,put,745.6400146484375
661.0,0.2841868457031249,0.2,0.21,2.0,-0.12048908979481393,0.03559206023271732,put,745.6400146484375
662.0,0.28076891113281244,0.2,0.21,1.0,-0.11897737370949199,0.03559206023271732,put,745.6400146484375
663.0,0.2797923583984374,0.21,0.22,7.0,-0.11746793946063766,0.03559206023271732,put,745.6400146484375
664.0,0.2766185620117187,0.21,0.22,3.0,-0.1159607801700663,0.03559206023271732,put,745.6400146484375
665.0,0.27539787109374997,0.22,0.23,40.0,-0.11445588899064599,0.03559206023271732,put,745.6400146484375
666.0,0.2739330419921875,0.22,0.24,16.0,-0.11295325910611109,0.03559206023271732,put,745.6400146484375
667.0,0.270515107421875,0.23,0.24,1.0,-0.11145288373087649,0.03559206023271732,put,745.6400146484375
668.0,0.2690502783203125,0.24,0.25,9.0,-0.10995475610985446,0.03559206023271732,put,745.6400146484375
669.0,0.2661206201171875,0.24,0.25,3.0,-0.1084588695182717,0.03559206023271732,put,745.6400146484375
670.0,0.2644116528320312,0.25,0.26,208.0,-0.10696521726148839,0.03559206023271732,put,745.6400146484375
671.0,0.26270268554687504,0.26,0.27,68.0,-0.10547379267481845,0.03559206023271732,put,745.6400146484375
672.0,0.25952888916015626,0.26,0.27,33.0,-0.10398458912335067,0.03559206023271732,put,745.6400146484375
673.0,0.257819921875,0.27,0.28,7.0,-0.10249760000177238,0.03559206023271732,put,745.6400146484375
674.0,0.2561109545898438,0.28,0.29,47.0,-0.10101281873419313,0.03559206023271732,put,745.6400146484375
675.0,0.2541578491210938,0.28,0.3,54.0,-0.09953023877397033,0.03559206023271732,put,745.6400146484375
676.0,0.25098405273437496,0.29,0.3,3.0,-0.09804985360353603,0.03559206023271732,put,745.6400146484375
677.0,0.249030947265625,0.3,0.31,17.0,-0.09657165673422523,0.03559206023271732,put,745.6400146484375
678.0,0.247077841796875,0.31,0.32,402.0,-0.09509564170610463,0.03559206023271732,put,745.6400146484375
679.0,0.245124736328125,0.32,0.33,18.0,-0.09362180208780405,0.03559206023271732,put,745.6400146484375
680.0,0.24292749267578123,0.33,0.34,545.0,-0.09215013147634776,0.03559206023271732,put,745.6400146484375
681.0,0.24073024902343748,0.33,0.35,12.0,-0.09068062349698776,0.03559206023271732,put,745.6400146484375
682.0,0.2386550744628906,0.34,0.36,162.0,-0.08921327180303813,0.03559206023271732,put,745.6400146484375
683.0,0.23645783081054686,0.35,0.37,53.0,-0.08774807007571014,0.03559206023271732,put,745.6400146484375
684.0,0.23413851806640623,0.36,0.38,13.0,-0.08628501202394973,0.03559206023271732,put,745.6400146484375
685.0,0.23194127441406248,0.38,0.39,1633.0,-0.08482409138427487,0.03559206023271732,put,745.6400146484375
686.0,0.229499892578125,0.39,0.4,195.0,-0.0833653019206149,0.03559206023271732,put,745.6400146484375
687.0,0.22730264892578123,0.4,0.41,6.0,-0.0819086374241509,0.03559206023271732,put,745.6400146484375
688.0,0.22486126708984372,0.41,0.42,36.0,-0.08045409171315655,0.03559206023271732,put,745.6400146484375
689.0,0.22327436889648436,0.42,0.44,101.0,-0.07900165863284161,0.03559206023271732,put,745.6400146484375
690.0,0.22071091796874998,0.44,0.45,470.0,-0.0775513320551951,0.03559206023271732,put,745.6400146484375
691.0,0.21912401977539062,0.45,0.47,38.0,-0.07610310587883025,0.03559206023271732,put,745.6400146484375
692.0,0.21656056884765623,0.47,0.48,14991.0,-0.07465697402883055,0.03559206023271732,put,745.6400146484375
693.0,0.21472953247070312,0.48,0.5,109.0,-0.07321293045659699,0.03559206023271732,put,745.6400146484375
694.0,0.21289849609375,0.5,0.52,457.0,-0.07177096913969569,0.03559206023271732,put,745.6400146484375
695.0,0.21021297607421874,0.52,0.53,209.0,-0.07033108408170805,0.03559206023271732,put,745.6400146484375
696.0,0.20813780151367184,0.54,0.55,182.0,-0.06889326931208051,0.03559206023271732,put,745.6400146484375
697.0,0.20606262695312497,0.56,0.57,830.0,-0.06745751888597624,0.03559206023271732,put,745.6400146484375
698.0,0.20386538330078124,0.58,0.59,387.0,-0.06602382688412775,0.03559206023271732,put,745.6400146484375
699.0,0.2024005541992187,0.6,0.62,121.0,-0.06459218741268995,0.03559206023271732,put,745.6400146484375
700.0,0.2000812414550781,0.62,0.64,4692.0,-0.0631625946030955,0.03559206023271732,put,745.6400146484375
701.0,0.1977619287109375,0.65,0.66,66.0,-0.06173504261191007,0.03559206023271732,put,745.6400146484375
702.0,0.1959308923339844,0.67,0.69,18.0,-0.06030952562068902,0.03559206023271732,put,745.6400146484375
703.0,0.19409985595703128,0.7,0.72,82.0,-0.05888603783583533,0.03559206023271732,put,745.6400146484375
704.0,0.19214675048828128,0.73,0.75,16.0,-0.057464573488457814,0.03559206023271732,put,745.6400146484375
705.0,0.1900715759277344,0.76,0.78,307.0,-0.05604512683423154,0.03559206023271732,put,745.6400146484375
706.0,0.1878743322753906,0.79,0.81,151.0,-0.05462769215325809,0.03559206023271732,put,745.6400146484375
707.0,0.18616536499023437,0.83,0.85,302.0,-0.05321226374992739,0.03559206023271732,put,745.6400146484375
708.0,0.18433432861328125,0.87,0.89,485.0,-0.05179883595278036,0.03559206023271732,put,745.6400146484375
709.0,0.18238122314453126,0.91,0.93,83.0,-0.05038740311437272,0.03559206023271732,put,745.6400146484375
710.0,0.18030604858398439,0.95,0.97,1768.0,-0.04897795961113909,0.03559206023271732,put,745.6400146484375
711.0,0.17865811584472657,1.0,1.02,148.0,-0.0475704998432593,0.03559206023271732,put,745.6400146484375
712.0,0.17682707946777343,1.04,1.07,402.0,-0.04616501823452439,0.03559206023271732,put,745.6400146484375
713.0,0.17487397399902344,1.1,1.12,153.0,-0.0447615092322042,0.03559206023271732,put,745.6400146484375
714.0,0.17285983398437502,1.15,1.17,240.0,-0.04335996730691584,0.03559206023271732,put,745.6400146484375
715.0,0.1710287976074219,1.21,1.23,1101.0,-0.04196038695249255,0.03559206023271732,put,745.6400146484375
716.0,0.16913672668457033,1.27,1.29,188.0,-0.04056276268585457,0.03559206023271732,put,745.6400146484375
717.0,0.16742775939941407,1.34,1.36,942.0,-0.0391670890468798,0.03559206023271732,put,745.6400146484375
718.0,0.16559672302246098,1.41,1.43,674.0,-0.037773360598275955,0.03559206023271732,put,745.6400146484375
719.0,0.16394879028320314,1.48,1.51,351.0,-0.03638157192545343,0.03559206023271732,put,745.6400146484375
720.0,0.16211775390625,1.56,1.59,2509.0,-0.03499171763639922,0.03559206023271732,put,745.6400146484375
721.0,0.1601646484375,1.65,1.67,415.0,-0.033603792361551116,0.03559206023271732,put,745.6400146484375
722.0,0.1583946466064453,1.74,1.76,15656.0,-0.03221779075367394,0.03559206023271732,put,745.6400146484375
723.0,0.15668567932128907,1.83,1.86,222.0,-0.03083370748773546,0.03559206023271732,put,745.6400146484375
724.0,0.1550987811279297,1.94,1.97,353.0,-0.02945153726078376,0.03559206023271732,put,745.6400146484375
725.0,0.15335929656982422,2.05,2.08,4116.0,-0.028071274791825442,0.03559206023271732,put,745.6400146484375
726.0,0.1516808465576172,2.17,2.2,610.0,-0.02669291482170411,0.03559206023271732,put,745.6400146484375
727.0,0.14978877563476564,2.29,2.32,304.0,-0.025316452112980812,0.03559206023271732,put,745.6400146484375
728.0,0.14820187744140628,2.43,2.46,321.0,-0.023941881449814184,0.03559206023271732,put,745.6400146484375
729.0,0.14643187561035154,2.57,2.6,219.0,-0.022569197637841987,0.03559206023271732,put,745.6400146484375
730.0,0.14490601196289063,2.73,2.76,3024.0,-0.021198395504063414,0.03559206023271732,put,745.6400146484375
731.0,0.14313601013183597,2.89,2.92,192.0,-0.019829469896721703,0.03559206023271732,put,745.6400146484375
732.0,0.14136600830078128,3.06,3.09,304.0,-0.018462415685188624,0.03559206023271732,put,745.6400146484375
733.0,0.13980962738037112,3.25,3.28,1039.0,-0.01709722775984867,0.03559206023271732,put,745.6400146484375
734.0,0.1381922119140625,3.44,3.48,691.0,-0.01573390103198456,0.03559206023271732,put,745.6400146484375
735.0,0.1363306582641602,3.65,3.68,7535.0,-0.014372430433663444,0.03559206023271732,put,745.6400146484375
736.0,0.13480479461669925,3.87,3.91,537.0,-0.013012810917623975,0.03559206023271732,put,745.6400146484375
737.0,0.1330042755126953,4.11,4.14,952.0,-0.011655037457163587,0.03559206023271732,put,745.6400146484375
738.0,0.13129530822753904,4.36,4.39,530.0,-0.010299105046027674,0.03559206023271732,put,745.6400146484375
739.0,0.12964737548828126,4.62,4.66,422.0,-0.008945008698298375,0.03559206023271732,put,745.6400146484375
740.0,0.12806047729492187,4.91,4.95,4157.0,-0.0075927434482846905,0.03559206023271732,put,745.6400146484375
741.0,0.1263820272827148,5.21,5.25,475.0,-0.006242304350413332,0.03559206023271732,put,745.6400146484375
742.0,0.1247035772705078,5.53,5.57,770.0,-0.0048936864791197495,0.03559206023271732,put,745.6400146484375
743.0,0.12302512725830078,5.87,5.91,545.0,-0.003546884928741012,0.03559206023271732,put,745.6400146484375
744.0,0.12134667724609374,6.23,6.27,888.0,-0.0022018948134082906,0.03559206023271732,put,745.6400146484375
745.0,0.11963770996093749,6.61,6.65,4130.0,-0.00085871126694062,0.03559206023271732,put,745.6400146484375
746.0,0.11808132904052734,7.02,7.06,1288.0,0.00048267055726062495,0.03559206023271732,put,745.6400146484375
747.0,0.11643339630126953,7.45,7.49,2597.0,0.0018222554863171012,0.03559206023271732,put,745.6400146484375
748.0,0.1147549462890625,7.9,7.94,1245.0,0.003160048327977059,0.03559206023271732,put,745.6400146484375
749.0,0.1131375308227539,8.37,8.42,529.0,0.004496053870719315,0.03559206023271732,put,745.6400146484375
750.0,0.11319856536865235,8.78,9.02,1081.0,0.005830276883855982,0.03559206023271732,put,745.6400146484375
751.0,0.11429718719482423,9.32,9.7,134.0,0.0071627221176346215,0.03559206023271732,put,745.6400146484375
752.0,0.11133701171874999,9.87,10.18,139.0,0.008493394303339723,0.03559206023271732,put,745.6400146484375
753.0,0.10950597534179687,10.5,10.75,53.0,0.009822298153393496,0.03559206023271732,put,745.6400146484375
754.0,0.1098721826171875,11.0,11.46,41.0,0.011149438361455792,0.03559206023271732,put,745.6400146484375
755.0,0.10556924713134765,11.69,11.96,799.0,0.012474819602524443,0.03559206023271732,put,745.6400146484375
756.0,0.10703407623291016,12.33,12.77,4.0,0.01379844653303276,0.03559206023271732,put,745.6400146484375
757.0,0.10553872985839843,12.95,13.46,26.0,0.015120323790948558,0.03559206023271732,put,745.6400146484375
758.0,0.10389079711914062,13.57,14.17,1.0,0.016440455995871458,0.03559206023271732,put,745.6400146484375
759.0,0.0997709652709961,14.43,14.81,14.0,0.01775884774912975,0.03559206023271732,put,745.6400146484375
760.0,0.0981535498046875,15.18,15.58,45.0,0.019075503633876605,0.03559206023271732,put,745.6400146484375
762.0,0.0976652734375,16.66,17.28,2.0,0.021703626040146157,0.03559206023271732,put,745.6400146484375
763.0,0.09583423706054689,17.48,18.11,1.0,0.02301510163795691,0.03559206023271732,put,745.6400146484375
764.0,0.09436940795898438,18.34,18.97,1.0,0.024324859520020416,0.03559206023271732,put,745.6400146484375
765.0,0.08948664428710937,19.26,19.78,2.0,0.025632904180035564,0.03559206023271732,put,745.6400146484375
767.0,0.13172255004882813,20.0,22.71,2.0,0.028243871720755955,0.03559206023271732,put,745.6400146484375
770.0,0.13794807373046875,22.75,25.53,194.0,0.03214758520122936,0.03559206023271732,put,745.6400146484375
775.0,0.1534508483886719,27.64,30.43,10.0,0.038620099706846926,0.03559206023271732,put,745.6400146484375
780.0,0.17176121215820314,32.63,35.43,2.0,0.04505099003713724,0.03559206023271732,put,745.6400146484375
790.0,0.2063067651367187,42.63,45.42,,0.057790015814566977,0.03559206023271732,put,745.6400146484375
800.0,0.23963162719726558,52.63,55.42,2.0,0.07036879802142708,0.03559206023271732,put,745.6400146484375
835.0,0.34680828979492184,87.63,90.42,,0.11318879520435532,0.03559206023271732,put,745.6400146484375
845.0,0.3753724572753906,97.63,100.42,,0.1250936977106737,0.03559206023271732,put,745.6400146484375
445.0,1.0927779736328125,300.62,303.43,2.0,-0.5161686474802599,0.05475701574264202,call,745.6400146484375
490.0,0.9245613012695313,255.74,258.55,1.0,-0.4198375385418279,0.05475701574264202,call,745.6400146484375
530.0,0.7834494311523439,215.85,218.66,,-0.34136592310033265,0.05475701574264202,call,745.6400146484375
580.0,0.6169471899414063,166.02,168.84,,-0.25121482610603507,0.05475701574264202,call,745.6400146484375
595.0,0.5681195532226562,151.08,153.89,,-0.22568152410087036,0.05475701574264202,call,745.6400146484375
600.0,0.5516402258300781,146.1,148.9,1.0,-0.21731327443035378,0.05475701574264202,call,745.6400146484375
610.0,0.5199022619628906,136.15,138.95,,-0.20078397247914323,0.05475701574264202,call,745.6400146484375
615.0,0.5037891418457032,131.17,133.97,,-0.1926206618399823,0.05475701574264202,call,745.6400146484375
620.0,0.5526167785644531,126.2,129.0,,-0.18452345160736294,0.05475701574264202,call,745.6400146484375
625.0,0.5358322784423828,121.24,124.05,2.0,-0.1764912799100987,0.05475701574264202,call,745.6400146484375
635.0,0.5009815527343751,111.3,114.12,1.0,-0.16061793075380856,0.05475701574264202,call,745.6400146484375
640.0,0.482976361694336,106.34,109.14,3.0,-0.15277475329278267,0.05475701574264202,call,745.6400146484375
645.0,0.466374965209961,101.38,104.2,2.0,-0.14499261285072773,0.05475701574264202,call,745.6400146484375
650.0,0.44861391235351555,96.43,99.23,10.0,-0.13727056675681742,0.05475701574264202,call,745.6400146484375
655.0,0.43140217041015627,91.48,94.28,1.0,-0.1296076940112483,0.05475701574264202,call,745.6400146484375
660.0,0.41480077392578124,86.53,89.35,3.0,-0.12200309462602889,0.05475701574264202,call,745.6400146484375
665.0,0.37641004455566407,81.83,83.74,3.0,-0.11445588899064599,0.05475701574264202,call,745.6400146484375
670.0,0.38043832458496096,76.67,79.47,4.0,-0.10696521726148839,0.05475701574264202,call,745.6400146484375
675.0,0.3635317553710938,71.74,74.55,2.0,-0.09953023877397033,0.05475701574264202,call,745.6400146484375
676.0,0.341376215209961,70.98,72.92,1.0,-0.09804985360353603,0.05475701574264202,call,745.6400146484375
677.0,0.3572451971435546,69.78,72.6,1.0,-0.09657165673422523,0.05475701574264202,call,745.6400146484375
678.0,0.35419346984863276,68.8,71.63,1.0,-0.09509564170610463,0.05475701574264202,call,745.6400146484375
679.0,0.3505924316406249,67.82,70.64,1.0,-0.09362180208780405,0.05475701574264202,call,745.6400146484375
680.0,0.30902790588378903,68.12,68.35,87.0,-0.09215013147634776,0.05475701574264202,call,745.6400146484375
681.0,0.34363449340820307,65.87,68.67,2.0,-0.09068062349698776,0.05475701574264202,call,745.6400146484375
682.0,0.34027759338378905,64.89,67.69,3.0,-0.08921327180303813,0.05475701574264202,call,745.6400146484375
683.0,0.33740896972656254,63.91,66.73,2.0,-0.08774807007571014,0.05475701574264202,call,745.6400146484375
684.0,0.33374689697265625,62.94,65.74,1.0,-0.08628501202394973,0.05475701574264202,call,745.6400146484375
685.0,0.3308782733154296,61.96,64.78,2.0,-0.08482409138427487,0.05475701574264202,call,745.6400146484375
686.0,0.32721620056152345,60.99,63.79,1.0,-0.0833653019206149,0.05475701574264202,call,745.6400146484375
687.0,0.3242865423583984,60.02,62.83,1.0,-0.0819086374241509,0.05475701574264202,call,745.6400146484375
688.0,0.3211127459716796,59.04,61.86,2.0,-0.08045409171315655,0.05475701574264202,call,745.6400146484375
689.0,0.3178779150390625,58.07,60.89,1.0,-0.07900165863284161,0.05475701574264202,call,745.6400146484375
690.0,0.2981027221679687,57.68,59.27,6.0,-0.0775513320551951,0.05475701574264202,call,745.6400146484375
691.0,0.31116411499023433,56.14,58.94,1.0,-0.07610310587883025,0.05475701574264202,call,745.6400146484375
692.0,0.3078682495117187,55.17,57.97,3.0,-0.07465697402883055,0.05475701574264202,call,745.6400146484375
693.0,0.3048165222167969,54.21,57.01,1.0,-0.07321293045659699,0.05475701574264202,call,745.6400146484375
694.0,0.3020089331054688,53.24,56.06,3.0,-0.07177096913969569,0.05475701574264202,call,745.6400146484375
695.0,0.28321029296874994,52.52,54.45,4.0,-0.07033108408170805,0.05475701574264202,call,745.6400146484375
696.0,0.2953256503295898,51.32,54.12,5.0,-0.06889326931208051,0.05475701574264202,call,745.6400146484375
697.0,0.29218237121582025,50.36,53.16,25.0,-0.06745751888597624,0.05475701574264202,call,745.6400146484375
698.0,0.28946633392333976,49.4,52.22,1.0,-0.06602382688412775,0.05475701574264202,call,745.6400146484375
699.0,0.2860483993530273,48.45,51.25,1.0,-0.06459218741268995,0.05475701574264202,call,745.6400146484375
700.0,0.26889769195556634,47.69,49.68,14.0,-0.0631625946030955,0.05475701574264202,call,745.6400146484375
701.0,0.2802501174926757,46.54,49.36,2.0,-0.06173504261191007,0.05475701574264202,call,745.6400146484375
702.0,0.27698476928710936,45.6,48.4,1.0,-0.06030952562068902,0.05475701574264202,call,745.6400146484375
703.0,0.27387200744628903,44.65,47.45,1.0,-0.05888603783583533,0.05475701574264202,call,745.6400146484375
704.0,0.2709728665161133,43.71,46.51,11.0,-0.057464573488457814,0.05475701574264202,call,745.6400146484375
705.0,0.268012691040039,42.77,45.57,3.0,-0.05604512683423154,0.05475701574264202,call,745.6400146484375
706.0,0.2650219982910156,41.83,44.63,22.0,-0.05462769215325809,0.05475701574264202,call,745.6400146484375
707.0,0.2624280300903321,40.89,43.71,1.0,-0.05321226374992739,0.05475701574264202,call,745.6400146484375
708.0,0.25916268188476566,39.96,42.76,3.0,-0.05179883595278036,0.05475701574264202,call,745.6400146484375
709.0,0.2564771618652344,39.03,41.84,1.0,-0.05038740311437272,0.05475701574264202,call,745.6400146484375
710.0,0.2414016290283203,38.33,40.31,9.0,-0.04897795961113909,0.05475701574264202,call,745.6400146484375
711.0,0.2507399145507812,37.19,39.99,3.0,-0.0475704998432593,0.05475701574264202,call,745.6400146484375
712.0,0.22553264709472653,37.03,37.95,9.0,-0.04616501823452439,0.05475701574264202,call,745.6400146484375
713.0,0.24500266723632813,35.35,38.15,4.0,-0.0447615092322042,0.05475701574264202,call,745.6400146484375
714.0,0.2420730090332031,34.44,37.23,6.0,-0.04335996730691584,0.05475701574264202,call,745.6400146484375
715.0,0.23963162719726558,34.71,36.34,11.0,-0.04196038695249255,0.05475701574264202,call,745.6400146484375
716.0,0.23661041717529296,32.63,35.42,1.0,-0.04056276268585457,0.05475701574264202,call,745.6400146484375
717.0,0.2342300698852539,31.74,34.54,2.0,-0.0391670890468798,0.05475701574264202,call,745.6400146484375
718.0,0.2316055844116211,30.85,33.65,5.0,-0.037773360598275955,0.05475701574264202,call,745.6400146484375
719.0,0.22858437438964846,29.95,32.74,1.0,-0.03638157192545343,0.05475701574264202,call,745.6400146484375
720.0,0.22635661346435548,29.08,31.88,321.0,-0.03499171763639922,0.05475701574264202,call,745.6400146484375
721.0,0.20966366516113277,28.19,30.2,4.0,-0.033603792361551116,0.05475701574264202,call,745.6400146484375
722.0,0.22083298706054685,27.32,30.11,4.0,-0.03221779075367394,0.05475701574264202,call,745.6400146484375
723.0,0.21854419158935545,26.45,29.26,5.0,-0.03083370748773546,0.05475701574264202,call,745.6400146484375
724.0,0.2160112579345703,25.6,28.4,11.0,-0.02945153726078376,0.05475701574264202,call,745.6400146484375
725.0,0.19275709594726562,25.92,26.31,58.0,-0.028071274791825442,0.05475701574264202,call,745.6400146484375
726.0,0.20972469970703123,23.9,26.62,1.0,-0.02669291482170411,0.05475701574264202,call,745.6400146484375
727.0,0.20728331787109372,23.06,25.78,1.0,-0.025316452112980812,0.05475701574264202,call,745.6400146484375
728.0,0.20490297058105467,22.23,24.95,6.0,-0.023941881449814184,0.05475701574264202,call,745.6400146484375
729.0,0.20261417510986324,21.41,24.13,66.0,-0.022569197637841987,0.05475701574264202,call,745.6400146484375
730.0,0.19721261779785154,21.4,23.12,174.0,-0.021198395504063414,0.05475701574264202,call,745.6400146484375
731.0,0.17972622039794922,21.01,21.34,26.0,-0.019829469896721703,0.05475701574264202,call,745.6400146484375
732.0,0.1771627694702148,20.19,20.51,29.0,-0.018462415685188624,0.05475701574264202,call,745.6400146484375
733.0,0.1926045095825195,18.3,20.87,19.0,-0.01709722775984867,0.05475701574264202,call,745.6400146484375
734.0,0.17347017944335938,18.67,18.97,27.0,-0.01573390103198456,0.05475701574264202,call,745.6400146484375
735.0,0.17112034942626952,17.93,18.18,66.0,-0.014372430433663444,0.05475701574264202,call,745.6400146484375
736.0,0.1859517440795898,17.16,18.56,57.0,-0.013012810917623975,0.05475701574264202,call,745.6400146484375
737.0,0.16706155212402346,16.47,16.67,181.0,-0.011655037457163587,0.05475701574264202,call,745.6400146484375
738.0,0.16544413665771485,15.7,15.96,28.0,-0.010299105046027674,0.05475701574264202,call,745.6400146484375
739.0,0.16339947937011723,14.99,15.23,113.0,-0.008945008698298375,0.05475701574264202,call,745.6400146484375
740.0,0.16120223571777342,14.29,14.5,157.0,-0.0075927434482846905,0.05475701574264202,call,745.6400146484375
741.0,0.16037826934814453,13.58,13.88,60.0,-0.006242304350413332,0.05475701574264202,call,745.6400146484375
742.0,0.15798266342163086,12.91,13.16,78.0,-0.0048936864791197495,0.05475701574264202,call,745.6400146484375
743.0,0.1559532647705078,12.27,12.48,103.0,-0.003546884928741012,0.05475701574264202,call,745.6400146484375
744.0,0.15432059066772463,11.61,11.84,150.0,-0.0022018948134082906,0.05475701574264202,call,745.6400146484375
745.0,0.15277946838378909,11.01,11.22,1307.0,-0.00085871126694062,0.05475701574264202,call,745.6400146484375
746.0,0.1501702415466309,10.5,10.54,686.0,0.00048267055726062495,0.05475701574264202,call,745.6400146484375
747.0,0.14862911926269531,9.91,9.95,985.0,0.0018222554863171012,0.05475701574264202,call,745.6400146484375
748.0,0.1471642901611328,9.33,9.38,508.0,0.003160048327977059,0.05475701574264202,call,745.6400146484375
749.0,0.14560790924072264,8.78,8.82,168.0,0.004496053870719315,0.05475701574264202,call,745.6400146484375
750.0,0.1442498905944824,8.24,8.29,721.0,0.005830276883855982,0.05475701574264202,call,745.6400146484375
751.0,0.14280032012939453,7.73,7.77,377.0,0.0071627221176346215,0.05475701574264202,call,745.6400146484375
752.0,0.14154911193847658,7.23,7.28,322.0,0.008493394303339723,0.05475701574264202,call,745.6400146484375
753.0,0.14020635192871095,6.76,6.8,1061.0,0.009822298153393496,0.05475701574264202,call,745.6400146484375
754.0,0.13889410919189454,6.3,6.34,4310.0,0.011149438361455792,0.05475701574264202,call,745.6400146484375
755.0,0.13778022872924806,5.87,5.91,740.0,0.012474819602524443,0.05475701574264202,call,745.6400146484375
756.0,0.13654427917480472,5.45,5.49,631.0,0.01379844653303276,0.05475701574264202,call,745.6400146484375
757.0,0.13553720916748052,5.06,5.1,266.0,0.015120323790948558,0.05475701574264202,call,745.6400146484375
758.0,0.1343775527954102,4.68,4.72,347.0,0.016440455995871458,0.05475701574264202,call,745.6400146484375
759.0,0.1333094482421875,4.33,4.36,125.0,0.01775884774912975,0.05475701574264202,call,745.6400146484375
760.0,0.1324244473266602,3.99,4.03,4720.0,0.019075503633876605,0.05475701574264202,call,745.6400146484375
761.0,0.13141737731933595,3.67,3.71,170.0,0.020390428215185698,0.05475701574264202,call,745.6400146484375
762.0,0.13050185913085935,3.38,3.41,311.0,0.021703626040146157,0.05475701574264202,call,745.6400146484375
763.0,0.12964737548828126,3.1,3.13,102.0,0.02301510163795691,0.05475701574264202,call,745.6400146484375
764.0,0.12885392639160154,2.84,2.87,74.0,0.024324859520020416,0.05475701574264202,call,745.6400146484375
765.0,0.12799944274902342,2.59,2.62,361.0,0.025632904180035564,0.05475701574264202,call,745.6400146484375
766.0,0.12741961456298828,2.36,2.4,79.0,0.026939240094091047,0.05475701574264202,call,745.6400146484375
767.0,0.12653461364746094,2.15,2.18,73.0,0.028243871720755955,0.05475701574264202,call,745.6400146484375
768.0,0.1258021990966797,1.95,1.98,120.0,0.029546803501171955,0.05475701574264202,call,745.6400146484375
769.0,0.12522237091064453,1.77,1.8,59.0,0.03084803985914378,0.05475701574264202,call,745.6400146484375
770.0,0.12458150817871094,1.6,1.63,1776.0,0.03214758520122936,0.05475701574264202,call,745.6400146484375
771.0,0.12415426635742188,1.45,1.48,85.0,0.03344544391682934,0.05475701574264202,call,745.6400146484375
772.0,0.12342185180664064,1.3,1.33,48.0,0.034741620378276036,0.05475701574264202,call,745.6400146484375
773.0,0.12293357543945313,1.17,1.2,31.0,0.03603611894092185,0.05475701574264202,call,745.6400146484375
774.0,0.12244529907226565,1.06,1.08,9.0,0.03732894394322702,0.05475701574264202,call,745.6400146484375
775.0,0.12195702270507813,0.95,0.97,404.0,0.038620099706846926,0.05475701574264202,call,745.6400146484375
776.0,0.12183495361328125,0.85,0.88,237.0,0.039909590536718484,0.05475701574264202,call,745.6400146484375
777.0,0.12152978088378906,0.76,0.79,238.0,0.041197420721147196,0.05475701574264202,call,745.6400146484375
778.0,0.12122460815429686,0.68,0.71,188.0,0.04248359453189138,0.05475701574264202,call,745.6400146484375
779.0,0.12073633178710938,0.61,0.63,107.0,0.04376811622424806,0.05475701574264202,call,745.6400146484375
780.0,0.12073633178710938,0.55,0.57,357.0,0.04505099003713724,0.05475701574264202,call,745.6400146484375
782.0,0.1206142626953125,0.44,0.46,121.0,0.04761181089881093,0.05475701574264202,call,745.6400146484375
783.0,0.12098046997070314,0.4,0.42,19.0,0.048889766344302976,0.05475701574264202,call,745.6400146484375
784.0,0.1211025390625,0.36,0.38,11.0,0.05016609070390774,0.05475701574264202,call,745.6400146484375
785.0,0.12098046997070314,0.32,0.34,127.0,0.05144078813590835,0.05475701574264202,call,745.6400146484375
787.0,0.1215908154296875,0.26,0.28,2.0,0.05398531877090297,0.05475701574264202,call,745.6400146484375
788.0,0.1215908154296875,0.24,0.25,5.0,0.055255160211378884,0.05475701574264202,call,745.6400146484375
789.0,0.12207909179687501,0.22,0.23,3.0,0.05652339119937402,0.05475701574264202,call,745.6400146484375
790.0,0.12256736816406251,0.2,0.21,116.0,0.057790015814566977,0.05475701574264202,call,745.6400146484375
791.0,0.12281150634765625,0.18,0.19,1.0,0.059055038121153695,0.05475701574264202,call,745.6400146484375
793.0,0.124032197265625,0.15,0.16,30.0,0.06158029198834784,0.05475701574264202,call,745.6400146484375
794.0,0.12476461181640625,0.14,0.15,18.0,0.0628405316006356,0.05475701574264202,call,745.6400146484375
795.0,0.12574116455078127,0.13,0.14,68.0,0.0640991850078318,0.05475701574264202,call,745.6400146484375
800.0,0.129891513671875,0.09,0.1,410.0,0.07036879802142708,0.05475701574264202,call,745.6400146484375
805.0,0.13575083007812502,0.07,0.08,75.0,0.07659934777206326,0.05475701574264202,call,745.6400146484375
810.0,0.14063359375,0.05,0.06,41.0,0.08279131801998423,0.05475701574264202,call,745.6400146484375
815.0,0.14649291015625,0.04,0.05,234.0,0.08894518359436258,0.05475701574264202,call,745.6400146484375
820.0,0.15528188476562502,0.03,0.05,52.0,0.09506141061179856,0.05475701574264202,call,745.6400146484375
825.0,0.1601646484375,0.03,0.04,1.0,0.10114045668818084,0.05475701574264202,call,745.6400146484375
830.0,0.16895362304687503,0.03,0.04,10.0,0.10718277114414336,0.05475701574264202,call,745.6400146484375
835.0,0.17188328125000002,0.02,0.03,3.0,0.11318879520435532,0.05475701574264202,call,745.6400146484375
840.0,0.179695703125,0.02,0.03,3.0,0.11915896219085904,0.05475701574264202,call,745.6400146484375
845.0,0.188484677734375,0.02,0.03,65.0,0.1250936977106737,0.05475701574264202,call,745.6400146484375
850.0,0.196297099609375,0.01,0.03,62.0,0.13099341983786186,0.05475701574264202,call,745.6400146484375
855.0,0.20410952148437497,0.01,0.03,293.0,0.13685853929026004,0.05475701574264202,call,745.6400146484375
860.0,0.20313296874999998,0.01,0.02,200.0,0.14268945960105334,0.05475701574264202,call,745.6400146484375
865.0,0.21094539062499998,0.01,0.02,1.0,0.14848657728537912,0.05475701574264202,call,745.6400146484375
870.0,0.21875781249999998,0.01,0.02,16.0,0.15425028200212929,0.05475701574264202,call,745.6400146484375
875.0,0.22657023437499998,0.01,0.02,6.0,0.15998095671111423,0.05475701574264202,call,745.6400146484375
880.0,0.23438265625,0.01,0.02,86.0,0.16567897782575203,0.05475701574264202,call,745.6400146484375
885.0,0.24024197265624997,0.01,0.02,94.0,0.1713447153614293,0.05475701574264202,call,745.6400146484375
890.0,0.24805439453125,0.01,0.02,1000.0,0.1769785330796854,0.05475701574264202,call,745.6400146484375
895.0,0.25391371093750004,0.01,0.02,128.0,0.18258078862835514,0.05475701574264202,call,745.6400146484375
900.0,0.2617261328125,0.0,0.02,20.0,0.1881518336778106,0.05475701574264202,call,745.6400146484375
400.0,0.73437765625,0.0,0.01,401.0,-0.6227783825385182,0.05475701574264202,put,745.6400146484375
405.0,0.7578149218750001,0.0,0.02,1.0,-0.6103558625399611,0.05475701574264202,put,745.6400146484375
410.0,0.7421900781249999,0.0,0.02,7.0,-0.5980857699481468,0.05475701574264202,put,745.6400146484375
415.0,0.7500025,0.01,0.02,122.0,-0.585964409415802,0.05475701574264202,put,745.6400146484375
420.0,0.73437765625,0.01,0.02,122.0,-0.5739882183690863,0.05475701574264202,put,745.6400146484375
425.0,0.7187528125,0.01,0.02,62.0,-0.5621537607220835,0.05475701574264202,put,745.6400146484375
430.0,0.7070341796875,0.01,0.02,1.0,-0.550457720958892,0.05475701574264202,put,745.6400146484375
435.0,0.6953155468750001,0.01,0.02,3.0,-0.538896898557816,0.05475701574264202,put,745.6400146484375
440.0,0.6796907031250001,0.01,0.02,26.0,-0.5274682027341933,0.05475701574264202,put,745.6400146484375
445.0,0.6640658593750002,0.01,0.02,28.0,-0.5161686474802599,0.05475701574264202,put,745.6400146484375
450.0,0.6523472265625001,0.01,0.02,1510.0,-0.5049953468821347,0.05475701574264202,put,745.6400146484375
455.0,0.64062859375,0.01,0.02,17.0,-0.49394551069554976,0.05475701574264202,put,745.6400146484375
460.0,0.64062859375,0.01,0.03,329.0,-0.4830164401633595,0.05475701574264202,put,745.6400146484375
465.0,0.6367223828125,0.02,0.03,3.0,-0.47220552405914384,0.05475701574264202,put,745.6400146484375
470.0,0.6250037500000001,0.02,0.03,482.0,-0.4615102349423959,0.05475701574264202,put,745.6400146484375
475.0,0.6093789062500001,0.02,0.03,124.0,-0.45092812561185897,0.05475701574264202,put,745.6400146484375
480.0,0.5976602734375001,0.02,0.03,488.0,-0.4404568257445636,0.05475701574264202,put,745.6400146484375
485.0,0.585941640625,0.02,0.03,603.0,-0.430094038709017,0.05475701574264202,put,745.6400146484375
490.0,0.5800823242187501,0.02,0.04,1382.0,-0.4198375385418279,0.05475701574264202,put,745.6400146484375
495.0,0.5742230078125,0.03,0.04,3098.0,-0.40968516707780994,0.05475701574264202,put,745.6400146484375
500.0,0.5625043750000001,0.03,0.04,2282.0,-0.3996348312243085,0.05475701574264202,put,745.6400146484375
505.0,0.5468795312500001,0.03,0.04,5.0,-0.3896845003711403,0.05475701574264202,put,745.6400146484375
510.0,0.5351608984375,0.03,0.04,1.0,-0.37983220392812866,0.05475701574264202,put,745.6400146484375
515.0,0.5351608984375,0.04,0.05,2.0,-0.370076028982764,0.05475701574264202,put,745.6400146484375
520.0,0.5214891601562499,0.04,0.05,304.0,-0.3604141180710271,0.05475701574264202,put,745.6400146484375
525.0,0.507817421875,0.04,0.05,600.0,-0.3508446670548764,0.05475701574264202,put,745.6400146484375
530.0,0.5009815527343751,0.04,0.06,30.0,-0.34136592310033265,0.05475701574264202,put,745.6400146484375
535.0,0.49609878906250005,0.05,0.06,252.0,-0.3319761827504936,0.05475701574264202,put,745.6400146484375
540.0,0.48438015625,0.05,0.06,367.0,-0.3226737900881801,0.05475701574264202,put,745.6400146484375
545.0,0.47852083984375,0.06,0.07,5.0,-0.3134571349832561,0.05475701574264202,put,745.6400146484375
550.0,0.46582565429687506,0.06,0.07,44.0,-0.3043246514199836,0.05475701574264202,put,745.6400146484375
555.0,0.45898978515625005,0.06,0.08,40.0,-0.2952748159000657,0.05475701574264202,put,745.6400146484375
560.0,0.446294599609375,0.07,0.08,7.0,-0.2863061459173053,0.05475701574264202,put,745.6400146484375
565.0,0.43945873046875,0.08,0.09,35.0,-0.2774171985000593,0.05475701574264202,put,745.6400146484375
570.0,0.42676354492187507,0.08,0.09,54.0,-0.2686065688179044,0.05475701574264202,put,745.6400146484375
575.0,0.418951123046875,0.09,0.1,6.0,-0.2598728888491498,0.05475701574264202,put,745.6400146484375
580.0,0.4101621484375,0.1,0.11,8.0,-0.25121482610603507,0.05475701574264202,put,745.6400146484375
585.0,0.401373173828125,0.1,0.12,20.0,-0.24263108241464362,0.05475701574264202,put,745.6400146484375
590.0,0.39258419921875,0.11,0.13,127.0,-0.234120392746735,0.05475701574264202,put,745.6400146484375
595.0,0.38281867187499996,0.12,0.14,13.0,-0.22568152410087036,0.05475701574264202,put,745.6400146484375
600.0,0.37305314453125,0.14,0.15,18.0,-0.21731327443035378,0.05475701574264202,put,745.6400146484375
605.0,0.3632876171875,0.15,0.16,5.0,-0.2090144716156587,0.05475701574264202,put,745.6400146484375
610.0,0.3530338134765625,0.16,0.17,9.0,-0.20078397247914323,0.05475701574264202,put,745.6400146484375
615.0,0.3452213916015625,0.18,0.19,3.0,-0.1926206618399823,0.05475701574264202,put,745.6400146484375
620.0,0.33667655517578127,0.2,0.21,28.0,-0.18452345160736294,0.05475701574264202,put,745.6400146484375
625.0,0.3276434423828125,0.22,0.23,25.0,-0.1764912799100987,0.05475701574264202,put,745.6400146484375
630.0,0.31836619140624994,0.24,0.25,82.0,-0.16852311026092182,0.05475701574264202,put,745.6400146484375
635.0,0.3100654931640625,0.26,0.28,24.0,-0.16061793075380856,0.05475701574264202,put,745.6400146484375
640.0,0.299811689453125,0.29,0.3,31.0,-0.15277475329278267,0.05475701574264202,put,745.6400146484375
645.0,0.29053443847656246,0.32,0.33,148.0,-0.14499261285072773,0.05475701574264202,put,745.6400146484375
650.0,0.2819896020507812,0.36,0.37,95.0,-0.13727056675681742,0.05475701574264202,put,745.6400146484375
655.0,0.27295648925781246,0.39,0.41,178.0,-0.1296076940112483,0.05475701574264202,put,745.6400146484375
660.0,0.26319096191406255,0.44,0.45,225.0,-0.12200309462602889,0.05475701574264202,put,745.6400146484375
665.0,0.25391371093750004,0.49,0.5,57.0,-0.11445588899064599,0.05475701574264202,put,745.6400146484375
670.0,0.2447585290527344,0.55,0.56,1557.0,-0.10696521726148839,0.05475701574264202,put,745.6400146484375
675.0,0.2356033471679687,0.62,0.63,529.0,-0.09953023877397033,0.05475701574264202,put,745.6400146484375
676.0,0.23401644897460935,0.63,0.65,5.0,-0.09804985360353603,0.05475701574264202,put,745.6400146484375
677.0,0.23242955078125,0.65,0.67,3.0,-0.09657165673422523,0.05475701574264202,put,745.6400146484375
678.0,0.23023230712890624,0.67,0.68,8.0,-0.09509564170610463,0.05475701574264202,put,745.6400146484375
679.0,0.22852333984375,0.68,0.7,16.0,-0.09362180208780405,0.05475701574264202,put,745.6400146484375
680.0,0.2269364416503906,0.7,0.72,2067.0,-0.09215013147634776,0.05475701574264202,put,745.6400146484375
681.0,0.22510540527343748,0.72,0.74,9.0,-0.09068062349698776,0.05475701574264202,put,745.6400146484375
682.0,0.22339643798828124,0.74,0.76,14.0,-0.08921327180303813,0.05475701574264202,put,745.6400146484375
683.0,0.2215654016113281,0.76,0.78,128.0,-0.08774807007571014,0.05475701574264202,put,745.6400146484375
684.0,0.21973436523437498,0.78,0.8,22.0,-0.08628501202394973,0.05475701574264202,put,745.6400146484375
685.0,0.21839160522460935,0.81,0.83,198.0,-0.08482409138427487,0.05475701574264202,put,745.6400146484375
686.0,0.21643849975585935,0.83,0.85,25.0,-0.0833653019206149,0.05475701574264202,put,745.6400146484375
687.0,0.21497367065429687,0.86,0.88,32.0,-0.0819086374241509,0.05475701574264202,put,745.6400146484375
688.0,0.21289849609375,0.88,0.9,125.0,-0.08045409171315655,0.05475701574264202,put,745.6400146484375
689.0,0.21131159790039059,0.91,0.93,38.0,-0.07900165863284161,0.05475701574264202,put,745.6400146484375
690.0,0.20972469970703123,0.94,0.96,148.0,-0.0775513320551951,0.05475701574264202,put,745.6400146484375
691.0,0.20801573242187496,0.97,0.99,131.0,-0.07610310587883025,0.05475701574264202,put,745.6400146484375
692.0,0.2063067651367187,1.0,1.02,29.0,-0.07465697402883055,0.05475701574264202,put,745.6400146484375
693.0,0.20447572875976558,1.03,1.05,18.0,-0.07321293045659699,0.05475701574264202,put,745.6400146484375
694.0,0.20307193420410152,1.07,1.09,122.0,-0.07177096913969569,0.05475701574264202,put,745.6400146484375
695.0,0.20154607055664062,1.1,1.13,590.0,-0.07033108408170805,0.05475701574264202,put,745.6400146484375
696.0,0.19959296508789062,1.14,1.16,46.0,-0.06889326931208051,0.05475701574264202,put,745.6400146484375
697.0,0.19800606689453126,1.18,1.2,40.0,-0.06745751888597624,0.05475701574264202,put,745.6400146484375
698.0,0.19635813415527342,1.22,1.24,422.0,-0.06602382688412775,0.05475701574264202,put,745.6400146484375
699.0,0.19495433959960937,1.26,1.29,33.0,-0.06459218741268995,0.05475701574264202,put,745.6400146484375
700.0,0.1931843377685547,1.31,1.33,1497.0,-0.0631625946030955,0.05475701574264202,put,745.6400146484375
701.0,0.19165847412109377,1.36,1.38,413.0,-0.06173504261191007,0.05475701574264202,put,745.6400146484375
702.0,0.1900715759277344,1.41,1.43,9133.0,-0.06030952562068902,0.05475701574264202,put,745.6400146484375
703.0,0.18842364318847654,1.46,1.48,16.0,-0.05888603783583533,0.05475701574264202,put,745.6400146484375
704.0,0.1870198486328125,1.51,1.54,43.0,-0.057464573488457814,0.05475701574264202,put,745.6400146484375
705.0,0.18555501953124998,1.57,1.6,626.0,-0.05604512683423154,0.05475701574264202,put,745.6400146484375
706.0,0.18396812133789062,1.63,1.66,120.0,-0.05462769215325809,0.05475701574264202,put,745.6400146484375
707.0,0.1823201885986328,1.69,1.72,39.0,-0.05321226374992739,0.05475701574264202,put,745.6400146484375
708.0,0.1808553594970703,1.76,1.79,235.0,-0.05179883595278036,0.05475701574264202,put,745.6400146484375
709.0,0.17932949584960936,1.83,1.86,85.0,-0.05038740311437272,0.05475701574264202,put,745.6400146484375
710.0,0.17774259765625,1.9,1.93,1247.0,-0.04897795961113909,0.05475701574264202,put,745.6400146484375
711.0,0.17603363037109376,1.98,2.0,149.0,-0.0475704998432593,0.05475701574264202,put,745.6400146484375
712.0,0.17450776672363283,2.05,2.08,81.0,-0.04616501823452439,0.05475701574264202,put,745.6400146484375
713.0,0.1731650067138672,2.14,2.17,86.0,-0.0447615092322042,0.05475701574264202,put,745.6400146484375
714.0,0.17170017761230472,2.23,2.26,97.0,-0.04335996730691584,0.05475701574264202,put,745.6400146484375
715.0,0.17011327941894533,2.32,2.35,691.0,-0.04196038695249255,0.05475701574264202,put,745.6400146484375
716.0,0.16867896759033207,2.41,2.45,229.0,-0.04056276268585457,0.05475701574264202,put,745.6400146484375
717.0,0.1671225866699219,2.51,2.55,480.0,-0.0391670890468798,0.05475701574264202,put,745.6400146484375
718.0,0.16547465393066407,2.62,2.65,67.0,-0.037773360598275955,0.05475701574264202,put,745.6400146484375
719.0,0.16394879028320314,2.73,2.76,228.0,-0.03638157192545343,0.05475701574264202,put,745.6400146484375
720.0,0.16251447845458983,2.85,2.88,2196.0,-0.03499171763639922,0.05475701574264202,put,745.6400146484375
721.0,0.1609580975341797,2.97,3.0,167.0,-0.033603792361551116,0.05475701574264202,put,745.6400146484375
722.0,0.15949326843261719,3.1,3.13,347.0,-0.03221779075367394,0.05475701574264202,put,745.6400146484375
723.0,0.1579063702392578,3.23,3.26,225.0,-0.03083370748773546,0.05475701574264202,put,745.6400146484375
724.0,0.1563805065917969,3.37,3.4,88.0,-0.02945153726078376,0.05475701574264202,put,745.6400146484375
725.0,0.1549461947631836,3.52,3.55,640.0,-0.028071274791825442,0.05475701574264202,put,745.6400146484375
726.0,0.15354240020751952,3.67,3.71,44.0,-0.02669291482170411,0.05475701574264202,put,745.6400146484375
727.0,0.1519860192871094,3.83,3.87,180.0,-0.025316452112980812,0.05475701574264202,put,745.6400146484375
728.0,0.1504906729125977,4.0,4.04,165.0,-0.023941881449814184,0.05475701574264202,put,745.6400146484375
729.0,0.14899532653808595,4.18,4.22,55.0,-0.022569197637841987,0.05475701574264202,put,745.6400146484375
730.0,0.14737791107177733,4.37,4.4,10518.0,-0.021198395504063414,0.05475701574264202,put,745.6400146484375
731.0,0.14594359924316402,4.56,4.6,481.0,-0.019829469896721703,0.05475701574264202,put,745.6400146484375
732.0,0.14432618377685547,4.77,4.8,9290.0,-0.018462415685188624,0.05475701574264202,put,745.6400146484375
733.0,0.1428918719482422,4.98,5.02,55.0,-0.01709722775984867,0.05475701574264202,put,745.6400146484375
734.0,0.14130497375488282,5.2,5.24,200.0,-0.01573390103198456,0.05475701574264202,put,745.6400146484375
735.0,0.13984014465332031,5.45,5.48,6325.0,-0.014372430433663444,0.05475701574264202,put,745.6400146484375
736.0,0.13834479827880858,5.69,5.73,89.0,-0.013012810917623975,0.05475701574264202,put,745.6400146484375
737.0,0.1368189346313477,5.95,5.99,308.0,-0.011655037457163587,0.05475701574264202,put,745.6400146484375
738.0,0.13526255371093754,6.22,6.26,296.0,-0.010299105046027674,0.05475701574264202,put,745.6400146484375
739.0,0.13382824188232423,6.5,6.55,320.0,-0.008945008698298375,0.05475701574264202,put,745.6400146484375
740.0,0.1323023782348633,6.8,6.85,1485.0,-0.0075927434482846905,0.05475701574264202,put,745.6400146484375
741.0,0.1307154800415039,7.12,7.16,150.0,-0.006242304350413332,0.05475701574264202,put,745.6400146484375
742.0,0.1292201336669922,7.45,7.49,589.0,-0.0048936864791197495,0.05475701574264202,put,745.6400146484375
743.0,0.1277858218383789,7.8,7.84,421.0,-0.003546884928741012,0.05475701574264202,put,745.6400146484375
744.0,0.12625995819091795,8.15,8.2,232.0,-0.0022018948134082906,0.05475701574264202,put,745.6400146484375
745.0,0.12476461181640625,8.53,8.58,1677.0,-0.00085871126694062,0.05475701574264202,put,745.6400146484375
746.0,0.12333029998779299,8.93,8.98,586.0,0.00048267055726062495,0.05475701574264202,put,745.6400146484375
747.0,0.1218959881591797,9.35,9.4,1706.0,0.0018222554863171012,0.05475701574264202,put,745.6400146484375
748.0,0.12037012451171875,9.78,9.83,897.0,0.003160048327977059,0.05475701574264202,put,745.6400146484375
749.0,0.11896632995605468,10.24,10.29,160.0,0.004496053870719315,0.05475701574264202,put,745.6400146484375
750.0,0.11744046630859376,10.71,10.76,479.0,0.005830276883855982,0.05475701574264202,put,745.6400146484375
751.0,0.13471324279785157,11.13,12.56,136.0,0.0071627221176346215,0.05475701574264202,put,745.6400146484375
752.0,0.1316615155029297,10.72,12.95,86.0,0.008493394303339723,0.05475701574264202,put,745.6400146484375
753.0,0.1158840853881836,11.05,12.5,59.0,0.009822298153393496,0.05475701574264202,put,745.6400146484375
755.0,0.1115201153564453,13.33,13.54,67.0,0.012474819602524443,0.05475701574264202,put,745.6400146484375
760.0,0.10627114440917969,16.54,16.88,102.0,0.019075503633876605,0.05475701574264202,put,745.6400146484375
762.0,0.1243373699951172,17.04,19.42,56.0,0.021703626040146157,0.05475701574264202,put,745.6400146484375
765.0,0.09906906799316406,20.16,20.64,5.0,0.025632904180035564,0.05475701574264202,put,745.6400146484375
767.0,0.12448995635986329,20.72,23.44,4.0,0.028243871720755955,0.05475701574264202,put,745.6400146484375
768.0,0.12458150817871094,21.56,24.28,2.0,0.029546803501171955,0.05475701574264202,put,745.6400146484375
769.0,0.1248561636352539,22.42,25.14,1.0,0.03084803985914378,0.05475701574264202,put,745.6400146484375
770.0,0.12543599182128906,23.29,26.02,7.0,0.03214758520122936,0.05475701574264202,put,745.6400146484375
780.0,0.14057255920410155,32.63,35.44,15.0,0.04505099003713724,0.05475701574264202,put,745.6400146484375
785.0,0.15473257385253908,37.63,40.43,,0.05144078813590835,0.05475701574264202,put,745.6400146484375
790.0,0.16846534667968754,42.63,45.42,,0.057790015814566977,0.05475701574264202,put,745.6400146484375
800.0,0.19568675415039063,52.63,55.42,2.0,0.07036879802142708,0.05475701574264202,put,745.6400146484375
245.0,1.798829130859375,499.85,503.04,3.0,-1.1129847191017732,0.07118412046543464,call,745.6400146484375
250.0,1.7705089599609374,494.86,498.05,2.0,-1.0927820117842537,0.07118412046543464,call,745.6400146484375
255.0,1.7441419042968749,489.88,493.06,3.0,-1.072979384488074,0.07118412046543464,call,745.6400146484375
260.0,1.71875140625,484.89,488.08,1.0,-1.0535612986309724,0.07118412046543464,call,745.6400146484375
275.0,1.642579912109375,469.93,473.12,1.0,-0.997471831979929,0.07118412046543464,call,745.6400146484375
295.0,1.5459007080078124,449.98,453.17,1.0,-0.9272675733066803,0.07118412046543464,call,745.6400146484375
300.0,1.5222191857910152,444.99,448.18,1.0,-0.910460454990299,0.07118412046543464,call,745.6400146484375
310.0,1.4775416748046877,435.02,438.21,1.0,-0.8776706321673082,0.07118412046543464,call,745.6400146484375
320.0,1.4340848608398438,425.05,428.24,1.0,-0.845921933852728,0.07118412046543464,call,745.6400146484375
345.0,1.3276400805664061,400.11,403.3,1.0,-0.7706985126151404,0.07118412046543464,call,745.6400146484375
350.0,1.3083530676269528,395.13,398.32,2.0,-0.7563097751630408,0.07118412046543464,call,745.6400146484375
355.0,1.2876012182617185,390.14,393.33,19.0,-0.7421251401710844,0.07118412046543464,call,745.6400146484375
360.0,1.267093508300781,385.15,388.34,2.0,-0.7281388981963445,0.07118412046543464,call,745.6400146484375
365.0,1.2485389135742184,380.17,383.36,19.0,-0.7143455760640087,0.07118412046543464,call,745.6400146484375
370.0,1.228519482421875,375.18,378.37,13.0,-0.70073992400823,0.07118412046543464,call,745.6400146484375
380.0,1.189457177734375,365.21,368.38,1.0,-0.6740716769260687,0.07118412046543464,call,745.6400146484375
390.0,1.1530804064941407,355.23,358.43,6.0,-0.6480961905228081,0.07118412046543464,call,745.6400146484375
395.0,1.1347699511718752,350.25,353.44,6.0,-0.6353571647453783,0.07118412046543464,call,745.6400146484375
400.0,1.1159712170410154,345.26,348.45,6.0,-0.6227783825385182,0.07118412046543464,call,745.6400146484375
405.0,1.0971724829101563,340.28,343.45,9.0,-0.6103558625399611,0.07118412046543464,call,745.6400146484375
410.0,1.0800827246093752,335.29,338.48,9.0,-0.5980857699481468,0.07118412046543464,call,745.6400146484375
415.0,1.0632371057128909,330.31,333.5,1.0,-0.585964409415802,0.07118412046543464,call,745.6400146484375
420.0,1.045170789794922,325.32,328.51,4.0,-0.5739882183690863,0.07118412046543464,call,745.6400146484375
425.0,1.027836892089844,320.33,323.53,3.0,-0.5621537607220835,0.07118412046543464,call,745.6400146484375
430.0,1.0105029943847654,315.35,318.54,1.0,-0.550457720958892,0.07118412046543464,call,745.6400146484375
435.0,0.9934082690429689,310.36,313.56,3.0,-0.538896898557816,0.07118412046543464,call,745.6400146484375
440.0,0.9765627343750001,305.38,308.57,1.0,-0.5274682027341933,0.07118412046543464,call,745.6400146484375
445.0,0.9597171997070311,300.39,303.59,4.0,-0.5161686474802599,0.07118412046543464,call,745.6400146484375
450.0,0.9431158032226561,295.41,298.6,7.0,-0.5049953468821347,0.07118412046543464,call,745.6400146484375
455.0,0.9265144067382812,290.42,293.62,1.0,-0.49394551069554976,0.07118412046543464,call,745.6400146484375
460.0,0.9099130102539061,285.44,288.63,1.0,-0.4830164401633595,0.07118412046543464,call,745.6400146484375
465.0,0.8936778210449219,280.45,283.65,2.0,-0.47220552405914384,0.07118412046543464,call,745.6400146484375
470.0,0.8774426318359375,275.47,278.66,2.0,-0.4615102349423959,0.07118412046543464,call,745.6400146484375
475.0,0.8618177880859376,270.49,273.68,2.0,-0.45092812561185897,0.07118412046543464,call,745.6400146484375
480.0,0.8452163916015624,265.5,268.69,1.0,-0.4404568257445636,0.07118412046543464,call,745.6400146484375
485.0,0.8298356860351561,260.52,263.71,2.0,-0.430094038709017,0.07118412046543464,call,745.6400146484375
490.0,0.8139667041015625,255.53,258.73,8.0,-0.4198375385418279,0.07118412046543464,call,745.6400146484375
495.0,0.7983418603515625,250.55,253.74,1.0,-0.40968516707780994,0.07118412046543464,call,745.6400146484375
500.0,0.7844259838867188,245.6,248.76,16.0,-0.3996348312243085,0.07118412046543464,call,745.6400146484375
505.0,0.7675804492187501,240.58,243.78,2.0,-0.3896845003711403,0.07118412046543464,call,745.6400146484375
510.0,0.75195560546875,235.6,238.79,9.0,-0.37983220392812866,0.07118412046543464,call,745.6400146484375
515.0,0.7370631762695312,230.62,233.81,2.0,-0.370076028982764,0.07118412046543464,call,745.6400146484375
520.0,0.7221707470703125,225.64,228.83,6.0,-0.3604141180710271,0.07118412046543464,call,745.6400146484375
525.0,0.7067900415039063,220.65,223.85,14.0,-0.3508446670548764,0.07118412046543464,call,745.6400146484375
530.0,0.6920196813964845,215.67,218.87,1.0,-0.34136592310033265,0.07118412046543464,call,745.6400146484375
535.0,0.6761506994628907,210.69,213.86,1.0,-0.3319761827504936,0.07118412046543464,call,745.6400146484375
540.0,0.6615024084472658,205.71,208.88,7.0,-0.3226737900881801,0.07118412046543464,call,745.6400146484375
545.0,0.6468541174316407,200.73,203.9,15.0,-0.3134571349832561,0.07118412046543464,call,745.6400146484375
550.0,0.6333044482421876,195.75,198.95,9.0,-0.3043246514199836,0.07118412046543464,call,745.6400146484375
555.0,0.6190223645019532,190.78,193.97,1.0,-0.2952748159000657,0.07118412046543464,call,745.6400146484375
560.0,0.6044961425781252,185.8,188.99,9.0,-0.2863061459173053,0.07118412046543464,call,745.6400146484375
565.0,0.5893595751953126,180.82,183.99,5.0,-0.2774171985000593,0.07118412046543464,call,745.6400146484375
570.0,0.57617611328125,175.85,179.04,3.0,-0.2686065688179044,0.07118412046543464,call,745.6400146484375
575.0,0.5611616149902343,170.87,174.04,1.0,-0.2598728888491498,0.07118412046543464,call,745.6400146484375
580.0,0.5478560839843751,165.9,169.09,2.0,-0.25121482610603507,0.07118412046543464,call,745.6400146484375
585.0,0.5337571038818358,160.92,164.12,2.0,-0.24263108241464362,0.07118412046543464,call,745.6400146484375
590.0,0.5199022619628906,155.95,159.15,7.0,-0.234120392746735,0.07118412046543464,call,745.6400146484375
595.0,0.5061084545898438,150.98,154.18,9.0,-0.22568152410087036,0.07118412046543464,call,745.6400146484375
600.0,0.5620160986328125,146.02,149.21,51.0,-0.21731327443035378,0.07118412046543464,call,745.6400146484375
605.0,0.5465743585205078,141.05,144.25,3.0,-0.2090144716156587,0.07118412046543464,call,745.6400146484375
610.0,0.5307664111328125,136.08,139.28,1.0,-0.20078397247914323,0.07118412046543464,call,745.6400146484375
615.0,0.5153246710205077,131.12,134.32,2.0,-0.1926206618399823,0.07118412046543464,call,745.6400146484375
620.0,0.4998829309082031,126.17,129.36,15.0,-0.18452345160736294,0.07118412046543464,call,745.6400146484375
625.0,0.48438015625,121.2,124.4,12.0,-0.1764912799100987,0.07118412046543464,call,745.6400146484375
630.0,0.4691825543212891,116.25,119.45,63.0,-0.16852311026092182,0.07118412046543464,call,745.6400146484375
635.0,0.4536797796630859,111.29,114.49,7.0,-0.16061793075380856,0.07118412046543464,call,745.6400146484375
640.0,0.4386652813720704,106.35,109.55,6.0,-0.15277475329278267,0.07118412046543464,call,745.6400146484375
645.0,0.42358974853515624,101.4,104.61,3.0,-0.14499261285072773,0.07118412046543464,call,745.6400146484375
650.0,0.40845318115234375,96.5,99.67,1832.0,-0.13727056675681742,0.07118412046543464,call,745.6400146484375
655.0,0.3934386828613281,91.53,94.74,12.0,-0.1296076940112483,0.07118412046543464,call,745.6400146484375
660.0,0.3742738354492187,86.61,89.66,31.0,-0.12200309462602889,0.07118412046543464,call,745.6400146484375
661.0,0.37567763000488286,85.63,88.84,1.0,-0.12048908979481393,0.07118412046543464,call,745.6400146484375
662.0,0.37280900634765624,84.65,87.86,1.0,-0.11897737370949199,0.07118412046543464,call,745.6400146484375
663.0,0.3698793481445312,83.66,86.88,3.0,-0.11746793946063766,0.07118412046543464,call,745.6400146484375
664.0,0.36701072448730465,82.68,85.9,20.0,-0.1159607801700663,0.07118412046543464,call,745.6400146484375
665.0,0.3640810662841797,81.7,84.92,31.0,-0.11445588899064599,0.07118412046543464,call,745.6400146484375
666.0,0.3611514080810546,80.72,83.94,60.0,-0.11295325910611109,0.07118412046543464,call,745.6400146484375
667.0,0.35822174987792965,79.74,82.96,31.0,-0.11145288373087649,0.07118412046543464,call,745.6400146484375
668.0,0.3544986425781249,78.76,81.95,1.0,-0.10995475610985446,0.07118412046543464,call,745.6400146484375
669.0,0.3523013989257812,77.78,81.0,2.0,-0.1084588695182717,0.07118412046543464,call,745.6400146484375
670.0,0.348639326171875,76.8,79.99,1859.0,-0.10696521726148839,0.07118412046543464,call,745.6400146484375
671.0,0.3463810479736328,75.83,79.04,10.0,-0.10547379267481845,0.07118412046543464,call,745.6400146484375
672.0,0.3429325961303711,74.85,78.04,1.0,-0.10398458912335067,0.07118412046543464,call,745.6400146484375
673.0,0.3406743179321289,73.87,77.09,1.0,-0.10249760000177238,0.07118412046543464,call,745.6400146484375
674.0,0.33789724609375,72.9,76.12,1.0,-0.10101281873419313,0.07118412046543464,call,745.6400146484375
675.0,0.33515069152832033,71.92,75.15,44.0,-0.09953023877397033,0.07118412046543464,call,745.6400146484375
676.0,0.3321294815063477,70.95,74.17,1.0,-0.09804985360353603,0.07118412046543464,call,745.6400146484375
677.0,0.3286199951171874,69.98,73.17,2.0,-0.09657165673422523,0.07118412046543464,call,745.6400146484375
678.0,0.32651430328369135,69.01,72.23,12.0,-0.09509564170610463,0.07118412046543464,call,745.6400146484375
679.0,0.32300481689453114,68.04,71.23,1.0,-0.09362180208780405,0.07118412046543464,call,745.6400146484375
680.0,0.3208686077880859,67.07,70.29,109.0,-0.09215013147634776,0.07118412046543464,call,745.6400146484375
681.0,0.3182441223144531,66.1,69.33,123.0,-0.09068062349698776,0.07118412046543464,call,745.6400146484375
682.0,0.31537549865722647,65.13,68.36,2.0,-0.08921327180303813,0.07118412046543464,call,745.6400146484375
683.0,0.31250687499999996,64.17,67.39,4.0,-0.08774807007571014,0.07118412046543464,call,745.6400146484375
684.0,0.30982135498046875,63.2,66.43,1.0,-0.08628501202394973,0.07118412046543464,call,745.6400146484375
685.0,0.30713583496093744,62.24,65.47,34.0,-0.08482409138427487,0.07118412046543464,call,745.6400146484375
686.0,0.3042061767578125,61.27,64.5,1.0,-0.0833653019206149,0.07118412046543464,call,745.6400146484375
687.0,0.3008187594604492,60.31,63.51,1.0,-0.0819086374241509,0.07118412046543464,call,745.6400146484375
688.0,0.29892668853759763,59.35,62.59,2.0,-0.08045409171315655,0.07118412046543464,call,745.6400146484375
689.0,0.29614961669921874,58.39,61.63,2.0,-0.07900165863284161,0.07118412046543464,call,745.6400146484375
690.0,0.29337254486083975,57.44,60.67,149.0,-0.0775513320551951,0.07118412046543464,call,745.6400146484375
691.0,0.29077857666015616,56.48,59.72,2.0,-0.07610310587883025,0.07118412046543464,call,745.6400146484375
692.0,0.28815409118652335,55.53,58.77,2.0,-0.07465697402883055,0.07118412046543464,call,745.6400146484375
693.0,0.2854685711669921,54.58,57.82,6.0,-0.07321293045659699,0.07118412046543464,call,745.6400146484375
694.0,0.28281356842041017,53.63,56.87,8.0,-0.07177096913969569,0.07118412046543464,call,745.6400146484375
695.0,0.28009753112792957,52.68,55.92,206.0,-0.07033108408170805,0.07118412046543464,call,745.6400146484375
696.0,0.277778218383789,51.73,54.99,2.0,-0.06889326931208051,0.07118412046543464,call,745.6400146484375
697.0,0.27503166381835936,50.79,54.04,2.0,-0.06745751888597624,0.07118412046543464,call,745.6400146484375
698.0,0.27225459197998036,49.85,53.09,1.0,-0.06602382688412775,0.07118412046543464,call,745.6400146484375
699.0,0.26984372741699214,48.91,52.16,4.0,-0.06459218741268995,0.07118412046543464,call,745.6400146484375
700.0,0.2672192419433594,48.1,51.22,211.0,-0.0631625946030955,0.07118412046543464,call,745.6400146484375
701.0,0.26471682556152343,47.04,50.29,1.0,-0.06173504261191007,0.07118412046543464,call,745.6400146484375
702.0,0.2622144091796875,46.1,49.36,1.0,-0.06030952562068902,0.07118412046543464,call,745.6400146484375
703.0,0.25965095825195317,45.18,48.43,1.0,-0.05888603783583533,0.07118412046543464,call,745.6400146484375
704.0,0.25724009368896483,44.25,47.51,1.0,-0.057464573488457814,0.07118412046543464,call,745.6400146484375
705.0,0.2540968145751954,43.33,46.55,59.0,-0.05604512683423154,0.07118412046543464,call,745.6400146484375
706.0,0.25214370910644535,42.4,45.66,1.0,-0.05462769215325809,0.07118412046543464,call,745.6400146484375
707.0,0.2498243963623047,41.49,44.75,50.0,-0.05321226374992739,0.07118412046543464,call,745.6400146484375
708.0,0.2472609454345703,40.57,43.83,1.0,-0.05179883595278036,0.07118412046543464,call,745.6400146484375
709.0,0.24485008087158205,39.66,42.92,10.0,-0.05038740311437272,0.07118412046543464,call,745.6400146484375
710.0,0.2425307681274414,38.75,42.02,78.0,-0.04897795961113909,0.07118412046543464,call,745.6400146484375
711.0,0.24021145538330074,37.85,41.12,6.0,-0.0475704998432593,0.07118412046543464,call,745.6400146484375
712.0,0.23780059082031246,36.95,40.22,15.0,-0.04616501823452439,0.07118412046543464,call,745.6400146484375
713.0,0.2355423126220703,36.05,39.33,5.0,-0.0447615092322042,0.07118412046543464,call,745.6400146484375
714.0,0.2332229998779297,35.16,38.44,1.0,-0.04335996730691584,0.07118412046543464,call,745.6400146484375
715.0,0.23084265258789063,34.77,37.55,322.0,-0.04196038695249255,0.07118412046543464,call,745.6400146484375
716.0,0.22855385711669923,33.39,36.67,1.0,-0.04056276268585457,0.07118412046543464,call,745.6400146484375
717.0,0.22623454437255858,32.51,35.79,3.0,-0.0391670890468798,0.07118412046543464,call,745.6400146484375
718.0,0.22400678344726557,31.64,34.92,14.0,-0.037773360598275955,0.07118412046543464,call,745.6400146484375
719.0,0.22171798797607417,30.77,34.05,1.0,-0.03638157192545343,0.07118412046543464,call,745.6400146484375
720.0,0.1968158932495117,29.9,31.7,105.0,-0.03499171763639922,0.07118412046543464,call,745.6400146484375
721.0,0.21741505249023438,29.05,32.34,2.0,-0.033603792361551116,0.07118412046543464,call,745.6400146484375
722.0,0.21524832611083983,28.19,31.49,12.0,-0.03221779075367394,0.07118412046543464,call,745.6400146484375
723.0,0.21299004791259768,27.35,30.64,29.0,-0.03083370748773546,0.07118412046543464,call,745.6400146484375
724.0,0.20983151016235352,27.94,29.73,60.0,-0.02945153726078376,0.07118412046543464,call,745.6400146484375
725.0,0.2068865933227539,25.94,28.84,79.0,-0.028071274791825442,0.07118412046543464,call,745.6400146484375
726.0,0.20670348968505853,24.84,28.15,14.0,-0.02669291482170411,0.07118412046543464,call,745.6400146484375
727.0,0.20475038421630853,24.02,27.34,6.0,-0.025316452112980812,0.07118412046543464,call,745.6400146484375
728.0,0.2026752096557617,23.21,26.53,5.0,-0.023941881449814184,0.07118412046543464,call,745.6400146484375
729.0,0.20069158691406247,22.4,25.73,2.0,-0.022569197637841987,0.07118412046543464,call,745.6400146484375
730.0,0.1955036505126953,21.61,24.7,318.0,-0.021198395504063414,0.07118412046543464,call,745.6400146484375
731.0,0.19229933685302736,21.29,23.82,27.0,-0.019829469896721703,0.07118412046543464,call,745.6400146484375
732.0,0.19486278778076171,20.04,23.38,14.0,-0.018462415685188624,0.07118412046543464,call,745.6400146484375
733.0,0.1873555386352539,19.79,22.19,58.0,-0.01709722775984867,0.07118412046543464,call,745.6400146484375
734.0,0.1912312322998047,18.51,21.87,45.0,-0.01573390103198456,0.07118412046543464,call,745.6400146484375
735.0,0.1746603530883789,17.76,19.99,182.0,-0.014372430433663444,0.07118412046543464,call,745.6400146484375
736.0,0.17667449310302735,17.02,19.54,18.0,-0.013012810917623975,0.07118412046543464,call,745.6400146484375
737.0,0.1723410403442383,17.64,18.61,88.0,-0.011655037457163587,0.07118412046543464,call,745.6400146484375
738.0,0.1720053503417969,16.36,18.0,189.0,-0.010299105046027674,0.07118412046543464,call,745.6400146484375
739.0,0.16785500122070315,16.13,17.1,100.0,-0.008945008698298375,0.07118412046543464,call,745.6400146484375
740.0,0.16423870437622073,15.5,16.25,1042.0,-0.0075927434482846905,0.07118412046543464,call,745.6400146484375
741.0,0.17191379852294925,14.75,16.31,356.0,-0.006242304350413332,0.07118412046543464,call,745.6400146484375
742.0,0.16079025253295898,13.92,14.88,831.0,-0.0048936864791197495,0.07118412046543464,call,745.6400146484375
743.0,0.15805895660400393,13.17,14.13,165.0,-0.003546884928741012,0.07118412046543464,call,745.6400146484375
744.0,0.15454947021484378,13.27,13.33,102.0,-0.0022018948134082906,0.07118412046543464,call,745.6400146484375
745.0,0.15314567565917972,12.65,12.71,1434.0,-0.00085871126694062,0.07118412046543464,call,745.6400146484375
746.0,0.15171136383056644,12.04,12.1,840.0,0.00048267055726062495,0.07118412046543464,call,745.6400146484375
747.0,0.1503686038208008,11.45,11.51,1661.0,0.0018222554863171012,0.07118412046543464,call,745.6400146484375
748.0,0.14896480926513672,10.87,10.93,1674.0,0.003160048327977059,0.07118412046543464,call,745.6400146484375
749.0,0.14777463562011722,10.32,10.38,463.0,0.004496053870719315,0.07118412046543464,call,745.6400146484375
750.0,0.14630980651855469,9.78,9.82,3175.0,0.005830276883855982,0.07118412046543464,call,745.6400146484375
751.0,0.14527221923828126,9.25,9.31,275.0,0.0071627221176346215,0.07118412046543464,call,745.6400146484375
752.0,0.14405152832031248,8.75,8.8,265.0,0.008493394303339723,0.07118412046543464,call,745.6400146484375
753.0,0.14292238922119144,8.26,8.31,138.0,0.009822298153393496,0.07118412046543464,call,745.6400146484375
754.0,0.14185428466796873,7.79,7.84,88.0,0.011149438361455792,0.07118412046543464,call,745.6400146484375
755.0,0.14084721466064454,7.33,7.39,1062.0,0.012474819602524443,0.07118412046543464,call,745.6400146484375
756.0,0.1397791101074219,6.9,6.95,130.0,0.01379844653303276,0.07118412046543464,call,745.6400146484375
757.0,0.1387720401000977,6.48,6.53,128.0,0.015120323790948558,0.07118412046543464,call,745.6400146484375
758.0,0.13785652191162112,6.08,6.13,4736.0,0.016440455995871458,0.07118412046543464,call,745.6400146484375
759.0,0.137002038269043,5.7,5.75,339.0,0.01775884774912975,0.07118412046543464,call,745.6400146484375
760.0,0.13593393371582033,5.33,5.37,2775.0,0.019075503633876605,0.07118412046543464,call,745.6400146484375
761.0,0.1352320364379883,4.98,5.03,620.0,0.020390428215185698,0.07118412046543464,call,745.6400146484375
762.0,0.13446910461425782,4.65,4.7,186.0,0.021703626040146157,0.07118412046543464,call,745.6400146484375
763.0,0.1336146209716797,4.34,4.38,212.0,0.02301510163795691,0.07118412046543464,call,745.6400146484375
764.0,0.13288220642089843,4.04,4.08,316.0,0.024324859520020416,0.07118412046543464,call,745.6400146484375
765.0,0.13224134368896484,3.75,3.8,22617.0,0.025632904180035564,0.07118412046543464,call,745.6400146484375
766.0,0.1315394464111328,3.49,3.53,447.0,0.026939240094091047,0.07118412046543464,call,745.6400146484375
767.0,0.13099013549804686,3.23,3.28,370.0,0.028243871720755955,0.07118412046543464,call,745.6400146484375
768.0,0.13034927276611324,2.99,3.04,223.0,0.029546803501171955,0.07118412046543464,call,745.6400146484375
769.0,0.12967789276123048,2.77,2.81,590.0,0.03084803985914378,0.07118412046543464,call,745.6400146484375
770.0,0.12915909912109375,2.56,2.6,1666.0,0.03214758520122936,0.07118412046543464,call,745.6400146484375
771.0,0.12857927093505855,2.36,2.4,987.0,0.03344544391682934,0.07118412046543464,call,745.6400146484375
772.0,0.12799944274902342,2.18,2.21,2581.0,0.034741620378276036,0.07118412046543464,call,745.6400146484375
773.0,0.12760271820068358,2.0,2.04,216.0,0.03603611894092185,0.07118412046543464,call,745.6400146484375
774.0,0.12720599365234375,1.84,1.88,818.0,0.03732894394322702,0.07118412046543464,call,745.6400146484375
775.0,0.1267787518310547,1.69,1.73,18120.0,0.038620099706846926,0.07118412046543464,call,745.6400146484375
776.0,0.1261684063720703,1.55,1.58,277.0,0.039909590536718484,0.07118412046543464,call,745.6400146484375
777.0,0.1258021990966797,1.42,1.45,428.0,0.041197420721147196,0.07118412046543464,call,745.6400146484375
778.0,0.12549702636718751,1.3,1.33,433.0,0.04248359453189138,0.07118412046543464,call,745.6400146484375
779.0,0.12522237091064453,1.19,1.22,301.0,0.04376811622424806,0.07118412046543464,call,745.6400146484375
780.0,0.12500875,1.09,1.12,1690.0,0.04505099003713724,0.07118412046543464,call,745.6400146484375
781.0,0.12464254272460937,0.99,1.02,365.0,0.0463322201931858,0.07118412046543464,call,745.6400146484375
782.0,0.1243373699951172,0.91,0.93,472.0,0.04761181089881093,0.07118412046543464,call,745.6400146484375
783.0,0.12409323181152344,0.83,0.85,521.0,0.048889766344302976,0.07118412046543464,call,745.6400146484375
784.0,0.12409323181152344,0.75,0.78,229.0,0.05016609070390774,0.07118412046543464,call,745.6400146484375
785.0,0.12384909362792969,0.69,0.71,234.0,0.05144078813590835,0.07118412046543464,call,745.6400146484375
786.0,0.12378805908203125,0.63,0.65,85.0,0.05271386278270627,0.07118412046543464,call,745.6400146484375
787.0,0.124032197265625,0.57,0.6,114.0,0.05398531877090297,0.07118412046543464,call,745.6400146484375
788.0,0.124032197265625,0.52,0.55,7.0,0.055255160211378884,0.07118412046543464,call,745.6400146484375
789.0,0.12391012817382813,0.48,0.5,6.0,0.05652339119937402,0.07118412046543464,call,745.6400146484375
790.0,0.12409323181152344,0.44,0.46,536.0,0.057790015814566977,0.07118412046543464,call,745.6400146484375
791.0,0.12415426635742188,0.4,0.42,8.0,0.059055038121153695,0.07118412046543464,call,745.6400146484375
792.0,0.1245204736328125,0.37,0.39,2.0,0.0603184621679257,0.07118412046543464,call,745.6400146484375
793.0,0.12476461181640625,0.34,0.36,3.0,0.06158029198834784,0.07118412046543464,call,745.6400146484375
794.0,0.12500875,0.31,0.33,1.0,0.0628405316006356,0.07118412046543464,call,745.6400146484375
795.0,0.12500875,0.29,0.3,273.0,0.0640991850078318,0.07118412046543464,call,745.6400146484375
796.0,0.12549702636718751,0.26,0.28,40.0,0.06535625619788293,0.07118412046543464,call,745.6400146484375
797.0,0.125985302734375,0.24,0.26,65.0,0.06661174914371477,0.07118412046543464,call,745.6400146484375
798.0,0.12622944091796873,0.23,0.24,7.0,0.06786566780330852,0.07118412046543464,call,745.6400146484375
799.0,0.12647357910156248,0.21,0.22,1.0,0.06911801611977443,0.07118412046543464,call,745.6400146484375
800.0,0.1274501318359375,0.2,0.21,5190.0,0.07036879802142708,0.07118412046543464,call,745.6400146484375
805.0,0.13037979003906247,0.14,0.15,106.0,0.07659934777206326,0.07118412046543464,call,745.6400146484375
810.0,0.13355358642578125,0.1,0.11,112.0,0.08279131801998423,0.07118412046543464,call,745.6400146484375
815.0,0.13868048828125001,0.08,0.09,6.0,0.08894518359436258,0.07118412046543464,call,745.6400146484375
820.0,0.14258669921875,0.06,0.07,187.0,0.09506141061179856,0.07118412046543464,call,745.6400146484375
825.0,0.14795773925781253,0.05,0.06,94.0,0.10114045668818084,0.07118412046543464,call,745.6400146484375
830.0,0.15235222656250003,0.04,0.05,8.0,0.10718277114414336,0.07118412046543464,call,745.6400146484375
835.0,0.1601646484375,0.04,0.05,24.0,0.11318879520435532,0.07118412046543464,call,745.6400146484375
840.0,0.16358258300781253,0.03,0.04,127.0,0.11915896219085904,0.07118412046543464,call,745.6400146484375
845.0,0.17090672851562502,0.03,0.04,69.0,0.1250936977106737,0.07118412046543464,call,745.6400146484375
850.0,0.17774259765625,0.02,0.04,136.0,0.13099341983786186,0.07118412046543464,call,745.6400146484375
855.0,0.179695703125,0.02,0.03,2.0,0.13685853929026004,0.07118412046543464,call,745.6400146484375
860.0,0.186531572265625,0.02,0.03,2.0,0.14268945960105334,0.07118412046543464,call,745.6400146484375
865.0,0.19336744140625,0.02,0.03,16.0,0.14848657728537912,0.07118412046543464,call,745.6400146484375
870.0,0.20020331054687499,0.02,0.03,170.0,0.15425028200212929,0.07118412046543464,call,745.6400146484375
875.0,0.1992267578125,0.01,0.02,44.0,0.15998095671111423,0.07118412046543464,call,745.6400146484375
880.0,0.20508607421874997,0.01,0.02,1.0,0.16567897782575203,0.07118412046543464,call,745.6400146484375
885.0,0.21289849609375,0.01,0.02,1.0,0.1713447153614293,0.07118412046543464,call,745.6400146484375
890.0,0.21875781249999998,0.01,0.02,148.0,0.1769785330796854,0.07118412046543464,call,745.6400146484375
895.0,0.22461712890624996,0.01,0.02,1.0,0.18258078862835514,0.07118412046543464,call,745.6400146484375
900.0,0.2304764453125,0.01,0.02,10.0,0.1881518336778106,0.07118412046543464,call,745.6400146484375
905.0,0.23633576171874998,0.01,0.02,13.0,0.19369201405342587,0.07118412046543464,call,745.6400146484375
910.0,0.242195078125,0.01,0.02,44.0,0.19920166986439558,0.07118412046543464,call,745.6400146484375
915.0,0.2500075,0.01,0.02,20.0,0.20468113562902107,0.07118412046543464,call,745.6400146484375
920.0,0.25586681640625003,0.01,0.02,25.0,0.21013074039658583,0.07118412046543464,call,745.6400146484375
925.0,0.2617261328125,0.01,0.02,10.0,0.21555080786592493,0.07118412046543464,call,745.6400146484375
930.0,0.26758544921875,0.01,0.02,105.0,0.22094165650080144,0.07118412046543464,call,745.6400146484375
935.0,0.273444765625,0.0,0.02,941.0,0.2263035996421869,0.07118412046543464,call,745.6400146484375
940.0,0.27930408203124996,0.0,0.02,1.0,0.23163694561754938,0.07118412046543464,call,745.6400146484375
945.0,0.2695385546875,0.0,0.01,119.0,0.23694199784724265,0.07118412046543464,call,745.6400146484375
950.0,0.273444765625,0.0,0.01,1.0,0.24221905494808632,0.07118412046543464,call,745.6400146484375
955.0,0.29688203124999996,0.0,0.02,176.0,0.24746841083423013,0.07118412046543464,call,745.6400146484375
960.0,0.28516339843749994,0.0,0.01,3395.0,0.2526903548153817,0.07118412046543464,call,745.6400146484375
965.0,0.2890696093749999,0.0,0.01,1.0,0.2578851716924858,0.07118412046543464,call,745.6400146484375
970.0,0.29688203124999996,0.0,0.01,12959.0,0.26305314185092826,0.07118412046543464,call,745.6400146484375
975.0,0.3007882421875,0.0,0.01,12718.0,0.268194541351347,0.07118412046543464,call,745.6400146484375
980.0,0.304694453125,0.0,0.01,1400.0,0.27330964201811736,0.07118412046543464,call,745.6400146484375
985.0,0.31250687499999996,0.0,0.01,4.0,0.2783987115255887,0.07118412046543464,call,745.6400146484375
990.0,0.31641308593749995,0.0,0.01,9.0,0.28346201348213534,0.07118412046543464,call,745.6400146484375
995.0,0.32031929687499994,0.0,0.01,102.0,0.2884998075120926,0.07118412046543464,call,745.6400146484375
1000.0,0.32813171874999997,0.0,0.01,601.0,0.2935123493356368,0.07118412046543464,call,745.6400146484375
245.0,1.125004375,0.0,0.01,700.0,-1.1129847191017732,0.07118412046543464,put,745.6400146484375
250.0,1.125004375,0.0,0.01,100.0,-1.0927820117842537,0.07118412046543464,put,745.6400146484375
255.0,1.09375453125,0.0,0.01,4.0,-1.072979384488074,0.07118412046543464,put,745.6400146484375
260.0,1.0625046875000002,0.0,0.01,5.0,-1.0535612986309724,0.07118412046543464,put,745.6400146484375
265.0,1.0625046875000002,0.0,0.01,2.0,-1.034513103660278,0.07118412046543464,put,745.6400146484375
270.0,1.0312548437500002,0.0,0.01,1276.0,-1.0158209706481254,0.07118412046543464,put,745.6400146484375
275.0,1.0312548437500002,0.0,0.01,536.0,-0.997471831979929,0.07118412046543464,put,745.6400146484375
280.0,1.000005,0.0,0.01,4.0,-0.9794533264772506,0.07118412046543464,put,745.6400146484375
285.0,0.98437515625,0.0,0.01,14.0,-0.9617537493778497,0.07118412046543464,put,745.6400146484375
290.0,0.9687503125,0.0,0.01,225.0,-0.9443620066659804,0.07118412046543464,put,745.6400146484375
295.0,0.9531254687499999,0.0,0.01,25.0,-0.9272675733066803,0.07118412046543464,put,745.6400146484375
300.0,0.937500625,0.0,0.01,400.0,-0.910460454990299,0.07118412046543464,put,745.6400146484375
305.0,0.9062509375,0.0,0.01,22.0,-0.8939311530390885,0.07118412046543464,put,745.6400146484375
310.0,0.9062509375,0.0,0.01,852.0,-0.8776706321673082,0.07118412046543464,put,745.6400146484375
315.0,0.87500125,0.0,0.01,1685.0,-0.8616702908208671,0.07118412046543464,put,745.6400146484375
320.0,0.87500125,0.0,0.01,101.0,-0.845921933852728,0.07118412046543464,put,745.6400146484375
325.0,0.8437515624999999,0.0,0.01,45.0,-0.8304177473167628,0.07118412046543464,put,745.6400146484375
330.0,0.8437515624999999,0.0,0.01,2.0,-0.8151502751859742,0.07118412046543464,put,745.6400146484375
335.0,0.8281267187499999,0.0,0.01,5.0,-0.8001123978214337,0.07118412046543464,put,745.6400146484375
340.0,0.8125018749999999,0.0,0.01,14.0,-0.785297312036293,0.07118412046543464,put,745.6400146484375
345.0,0.79687703125,0.0,0.01,315.0,-0.7706985126151404,0.07118412046543464,put,745.6400146484375
350.0,0.8437515624999999,0.01,0.02,297.0,-0.7563097751630408,0.07118412046543464,put,745.6400146484375
355.0,0.8281267187499999,0.01,0.02,10.0,-0.7421251401710844,0.07118412046543464,put,745.6400146484375
360.0,0.8125018749999999,0.01,0.02,2.0,-0.7281388981963445,0.07118412046543464,put,745.6400146484375
365.0,0.79687703125,0.01,0.02,5.0,-0.7143455760640087,0.07118412046543464,put,745.6400146484375
370.0,0.7812521875,0.01,0.02,10.0,-0.70073992400823,0.07118412046543464,put,745.6400146484375
375.0,0.773439765625,0.01,0.02,1.0,-0.6873169036760893,0.07118412046543464,put,745.6400146484375
380.0,0.7578149218750001,0.01,0.02,270.0,-0.6740716769260687,0.07118412046543464,put,745.6400146484375
385.0,0.7421900781249999,0.01,0.02,1.0,-0.660999595358716,0.07118412046543464,put,745.6400146484375
390.0,0.726565234375,0.01,0.02,3011.0,-0.6480961905228081,0.07118412046543464,put,745.6400146484375
395.0,0.710940390625,0.01,0.02,43.0,-0.6353571647453783,0.07118412046543464,put,745.6400146484375
400.0,0.70312796875,0.01,0.02,22.0,-0.6227783825385182,0.07118412046543464,put,745.6400146484375
405.0,0.6875031250000001,0.01,0.02,4.0,-0.6103558625399611,0.07118412046543464,put,745.6400146484375
410.0,0.6718782812500002,0.01,0.02,2.0,-0.5980857699481468,0.07118412046543464,put,745.6400146484375
415.0,0.6875031250000001,0.02,0.03,15.0,-0.585964409415802,0.07118412046543464,put,745.6400146484375
420.0,0.6757844921875001,0.02,0.03,6.0,-0.5739882183690863,0.07118412046543464,put,745.6400146484375
425.0,0.6640658593750002,0.02,0.03,9.0,-0.5621537607220835,0.07118412046543464,put,745.6400146484375
430.0,0.648441015625,0.02,0.03,15.0,-0.550457720958892,0.07118412046543464,put,745.6400146484375
435.0,0.6445348046875,0.02,0.04,851.0,-0.538896898557816,0.07118412046543464,put,745.6400146484375
440.0,0.64062859375,0.03,0.04,121.0,-0.5274682027341933,0.07118412046543464,put,745.6400146484375
445.0,0.6289099609375001,0.03,0.04,14.0,-0.5161686474802599,0.07118412046543464,put,745.6400146484375
450.0,0.6171913281250001,0.03,0.04,83.0,-0.5049953468821347,0.07118412046543464,put,745.6400146484375
455.0,0.6093789062500001,0.03,0.05,130.0,-0.49394551069554976,0.07118412046543464,put,745.6400146484375
460.0,0.6035195898437502,0.04,0.05,220.0,-0.4830164401633595,0.07118412046543464,put,745.6400146484375
465.0,0.5918009570312501,0.04,0.05,308.0,-0.47220552405914384,0.07118412046543464,put,745.6400146484375
470.0,0.57812921875,0.04,0.05,9.0,-0.4615102349423959,0.07118412046543464,put,745.6400146484375
475.0,0.57617611328125,0.05,0.06,113.0,-0.45092812561185897,0.07118412046543464,put,745.6400146484375
480.0,0.5644574804687501,0.05,0.06,81.0,-0.4404568257445636,0.07118412046543464,put,745.6400146484375
485.0,0.55273884765625,0.05,0.06,42.0,-0.430094038709017,0.07118412046543464,put,745.6400146484375
490.0,0.5488326367187502,0.06,0.07,102.0,-0.4198375385418279,0.07118412046543464,put,745.6400146484375
495.0,0.5361374511718751,0.06,0.07,140.0,-0.40968516707780994,0.07118412046543464,put,745.6400146484375
500.0,0.5273484765625001,0.06,0.08,2510.0,-0.3996348312243085,0.07118412046543464,put,745.6400146484375
505.0,0.5195360546875,0.07,0.08,278.0,-0.3896845003711403,0.07118412046543464,put,745.6400146484375
510.0,0.506840869140625,0.07,0.08,31.0,-0.37983220392812866,0.07118412046543464,put,745.6400146484375
515.0,0.5009815527343751,0.08,0.09,5.0,-0.370076028982764,0.07118412046543464,put,745.6400146484375
520.0,0.49219257812500006,0.08,0.09,9.0,-0.3604141180710271,0.07118412046543464,put,745.6400146484375
525.0,0.485356708984375,0.09,0.1,25.0,-0.3508446670548764,0.07118412046543464,put,745.6400146484375
530.0,0.47803256347656253,0.1,0.11,47.0,-0.34136592310033265,0.07118412046543464,put,745.6400146484375
535.0,0.46582565429687506,0.1,0.11,25.0,-0.3319761827504936,0.07118412046543464,put,745.6400146484375
540.0,0.4580132324218751,0.11,0.12,340.0,-0.3226737900881801,0.07118412046543464,put,745.6400146484375
545.0,0.450200810546875,0.12,0.13,141.0,-0.3134571349832561,0.07118412046543464,put,745.6400146484375
550.0,0.442388388671875,0.13,0.14,143.0,-0.3043246514199836,0.07118412046543464,put,745.6400146484375
555.0,0.4335994140625,0.14,0.15,11.0,-0.2952748159000657,0.07118412046543464,put,745.6400146484375
560.0,0.424810439453125,0.15,0.16,454.0,-0.2863061459173053,0.07118412046543464,put,745.6400146484375
565.0,0.41602146484374997,0.16,0.17,506.0,-0.2774171985000593,0.07118412046543464,put,745.6400146484375
570.0,0.4067442138671875,0.17,0.18,722.0,-0.2686065688179044,0.07118412046543464,put,745.6400146484375
575.0,0.39990834472656256,0.19,0.2,86.0,-0.2598728888491498,0.07118412046543464,put,745.6400146484375
580.0,0.39038695556640624,0.2,0.21,748.0,-0.25121482610603507,0.07118412046543464,put,745.6400146484375
585.0,0.38281867187499996,0.22,0.23,382.0,-0.24263108241464362,0.07118412046543464,put,745.6400146484375
590.0,0.37500625,0.24,0.25,53.0,-0.234120392746735,0.07118412046543464,put,745.6400146484375
595.0,0.3667055517578125,0.25,0.27,1804.0,-0.22568152410087036,0.07118412046543464,put,745.6400146484375
600.0,0.3579165771484375,0.28,0.29,499.0,-0.21731327443035378,0.07118412046543464,put,745.6400146484375
605.0,0.3491276025390625,0.3,0.31,1711.0,-0.2090144716156587,0.07118412046543464,put,745.6400146484375
610.0,0.3413151806640625,0.32,0.34,914.0,-0.20078397247914323,0.07118412046543464,put,745.6400146484375
615.0,0.3320379296875,0.35,0.36,18.0,-0.1926206618399823,0.07118412046543464,put,745.6400146484375
620.0,0.32349309326171866,0.38,0.39,110.0,-0.18452345160736294,0.07118412046543464,put,745.6400146484375
625.0,0.31592480957031244,0.42,0.43,921.0,-0.1764912799100987,0.07118412046543464,put,745.6400146484375
630.0,0.30676962768554683,0.45,0.46,1258.0,-0.16852311026092182,0.07118412046543464,put,745.6400146484375
635.0,0.29834686035156244,0.49,0.5,500.0,-0.16061793075380856,0.07118412046543464,put,745.6400146484375
640.0,0.2902903002929687,0.54,0.55,1171.0,-0.15277475329278267,0.07118412046543464,put,745.6400146484375
645.0,0.2810130493164062,0.58,0.59,561.0,-0.14499261285072773,0.07118412046543464,put,745.6400146484375
650.0,0.27295648925781246,0.63,0.65,1135.0,-0.13727056675681742,0.07118412046543464,put,745.6400146484375
655.0,0.26416751464843746,0.7,0.71,309.0,-0.1296076940112483,0.07118412046543464,put,745.6400146484375
660.0,0.2563550927734375,0.77,0.79,3975.0,-0.12200309462602889,0.07118412046543464,put,745.6400146484375
661.0,0.25427991821289064,0.78,0.8,66.0,-0.12048908979481393,0.07118412046543464,put,745.6400146484375
662.0,0.2528150891113281,0.8,0.82,83.0,-0.11897737370949199,0.07118412046543464,put,745.6400146484375
663.0,0.25135026000976557,0.82,0.84,1.0,-0.11746793946063766,0.07118412046543464,put,745.6400146484375
664.0,0.24927508544921873,0.83,0.85,305.0,-0.1159607801700663,0.07118412046543464,put,745.6400146484375
665.0,0.24768818725585937,0.85,0.87,9784.0,-0.11445588899064599,0.07118412046543464,put,745.6400146484375
666.0,0.24622335815429688,0.87,0.89,38.0,-0.11295325910611109,0.07118412046543464,put,745.6400146484375
667.0,0.24457542541503907,0.89,0.91,349.0,-0.11145288373087649,0.07118412046543464,put,745.6400146484375
668.0,0.24292749267578123,0.91,0.93,542.0,-0.10995475610985446,0.07118412046543464,put,745.6400146484375
669.0,0.24134059448242187,0.93,0.95,485.0,-0.1084588695182717,0.07118412046543464,put,745.6400146484375
670.0,0.23963162719726558,0.95,0.97,965.0,-0.10696521726148839,0.07118412046543464,put,745.6400146484375
671.0,0.23841093627929685,0.98,1.0,319.0,-0.10547379267481845,0.07118412046543464,put,745.6400146484375
672.0,0.2366409344482422,1.0,1.02,536.0,-0.10398458912335067,0.07118412046543464,put,745.6400146484375
673.0,0.2348709326171875,1.02,1.04,197.0,-0.10249760000177238,0.07118412046543464,put,745.6400146484375
674.0,0.23352817260742187,1.05,1.07,138.0,-0.10101281873419313,0.07118412046543464,put,745.6400146484375
675.0,0.23218541259765624,1.07,1.1,701.0,-0.09953023877397033,0.07118412046543464,put,745.6400146484375
676.0,0.2302933416748047,1.1,1.12,786.0,-0.09804985360353603,0.07118412046543464,put,745.6400146484375
677.0,0.22882851257324222,1.13,1.15,99.0,-0.09657165673422523,0.07118412046543464,put,745.6400146484375
678.0,0.22730264892578123,1.16,1.18,103.0,-0.09509564170610463,0.07118412046543464,put,745.6400146484375
679.0,0.2257767852783203,1.19,1.21,15.0,-0.09362180208780405,0.07118412046543464,put,745.6400146484375
680.0,0.22425092163085933,1.22,1.24,1753.0,-0.09215013147634776,0.07118412046543464,put,745.6400146484375
681.0,0.22260298889160152,1.25,1.27,48.0,-0.09068062349698776,0.07118412046543464,put,745.6400146484375
682.0,0.22132126342773437,1.28,1.31,114.0,-0.08921327180303813,0.07118412046543464,put,745.6400146484375
683.0,0.2196122961425781,1.32,1.34,73.0,-0.08774807007571014,0.07118412046543464,put,745.6400146484375
684.0,0.21826953613281247,1.35,1.38,222.0,-0.08628501202394973,0.07118412046543464,put,745.6400146484375
685.0,0.21649953430175778,1.39,1.41,1552.0,-0.08482409138427487,0.07118412046543464,put,745.6400146484375
686.0,0.21509573974609375,1.43,1.45,136.0,-0.0833653019206149,0.07118412046543464,put,745.6400146484375
687.0,0.21356987609863282,1.47,1.49,121.0,-0.0819086374241509,0.07118412046543464,put,745.6400146484375
688.0,0.21234918518066404,1.51,1.54,498.0,-0.08045409171315655,0.07118412046543464,put,745.6400146484375
689.0,0.21076228698730468,1.56,1.58,866.0,-0.07900165863284161,0.07118412046543464,put,745.6400146484375
690.0,0.20948056152343747,1.6,1.63,7030.0,-0.0775513320551951,0.07118412046543464,put,745.6400146484375
691.0,0.20777159423828123,1.65,1.67,1145.0,-0.07610310587883025,0.07118412046543464,put,745.6400146484375
692.0,0.20636779968261715,1.7,1.72,787.0,-0.07465697402883055,0.07118412046543464,put,745.6400146484375
693.0,0.20490297058105467,1.75,1.77,1396.0,-0.07321293045659699,0.07118412046543464,put,745.6400146484375
694.0,0.20368227966308594,1.8,1.83,601.0,-0.07177096913969569,0.07118412046543464,put,745.6400146484375
695.0,0.20209538146972655,1.86,1.88,731.0,-0.07033108408170805,0.07118412046543464,put,745.6400146484375
696.0,0.20075262145996092,1.91,1.94,299.0,-0.06889326931208051,0.07118412046543464,put,745.6400146484375
697.0,0.19934882690429687,1.97,2.0,141.0,-0.06745751888597624,0.07118412046543464,put,745.6400146484375
698.0,0.19788399780273438,2.03,2.06,79.0,-0.06602382688412775,0.07118412046543464,put,745.6400146484375
699.0,0.19660227233886718,2.1,2.13,357.0,-0.06459218741268995,0.07118412046543464,put,745.6400146484375
700.0,0.1950153741455078,2.18,2.19,16748.0,-0.0631625946030955,0.07118412046543464,put,745.6400146484375
701.0,0.19367261413574222,2.23,2.26,209.0,-0.06173504261191007,0.07118412046543464,put,745.6400146484375
702.0,0.1922077850341797,2.31,2.33,311.0,-0.06030952562068902,0.07118412046543464,put,745.6400146484375
703.0,0.1909260595703125,2.38,2.41,359.0,-0.05888603783583533,0.07118412046543464,put,745.6400146484375
704.0,0.1895832995605469,2.46,2.49,438.0,-0.057464573488457814,0.07118412046543464,put,745.6400146484375
705.0,0.18817950500488279,2.54,2.57,1649.0,-0.05604512683423154,0.07118412046543464,put,745.6400146484375
706.0,0.1867146759033203,2.62,2.65,18906.0,-0.05462769215325809,0.07118412046543464,put,745.6400146484375
707.0,0.18537191589355467,2.71,2.74,805.0,-0.05321226374992739,0.07118412046543464,put,745.6400146484375
708.0,0.18396812133789062,2.8,2.83,853.0,-0.05179883595278036,0.07118412046543464,put,745.6400146484375
709.0,0.1825032922363281,2.9,2.92,22120.0,-0.05038740311437272,0.07118412046543464,put,745.6400146484375
710.0,0.18116053222656248,2.99,3.02,6654.0,-0.04897795961113909,0.07118412046543464,put,745.6400146484375
711.0,0.17975673767089845,3.09,3.12,209.0,-0.0475704998432593,0.07118412046543464,put,745.6400146484375
712.0,0.17847501220703127,3.21,3.23,37646.0,-0.04616501823452439,0.07118412046543464,put,745.6400146484375
713.0,0.1771017349243164,3.31,3.34,226.0,-0.0447615092322042,0.07118412046543464,put,745.6400146484375
714.0,0.17582000946044923,3.43,3.46,191.0,-0.04335996730691584,0.07118412046543464,put,745.6400146484375
715.0,0.1744772494506836,3.55,3.58,6997.0,-0.04196038695249255,0.07118412046543464,put,745.6400146484375
716.0,0.17304293762207032,3.67,3.7,185.0,-0.04056276268585457,0.07118412046543464,put,745.6400146484375
717.0,0.17170017761230472,3.8,3.83,642.0,-0.0391670890468798,0.07118412046543464,put,745.6400146484375
718.0,0.17026586578369146,3.93,3.96,159.0,-0.037773360598275955,0.07118412046543464,put,745.6400146484375
719.0,0.16892310577392583,4.07,4.1,261.0,-0.03638157192545343,0.07118412046543464,put,745.6400146484375
720.0,0.1676413803100586,4.21,4.25,5241.0,-0.03499171763639922,0.07118412046543464,put,745.6400146484375
721.0,0.1662681030273438,4.37,4.4,208.0,-0.033603792361551116,0.07118412046543464,put,745.6400146484375
722.0,0.16480327392578126,4.52,4.55,475.0,-0.03221779075367394,0.07118412046543464,put,745.6400146484375
723.0,0.16358258300781253,4.69,4.72,83.0,-0.03083370748773546,0.07118412046543464,put,745.6400146484375
724.0,0.16205671936035154,4.86,4.88,468.0,-0.02945153726078376,0.07118412046543464,put,745.6400146484375
725.0,0.1609275802612305,5.04,5.07,8175.0,-0.028071274791825442,0.07118412046543464,put,745.6400146484375
726.0,0.1595237857055664,5.22,5.25,178.0,-0.02669291482170411,0.07118412046543464,put,745.6400146484375
727.0,0.15815050842285155,5.41,5.44,286.0,-0.025316452112980812,0.07118412046543464,put,745.6400146484375
728.0,0.1568382656860352,5.61,5.64,541.0,-0.023941881449814184,0.07118412046543464,put,745.6400146484375
729.0,0.15552602294921875,5.81,5.85,626.0,-0.022569197637841987,0.07118412046543464,put,745.6400146484375
730.0,0.15424429748535157,6.03,6.07,21420.0,-0.021198395504063414,0.07118412046543464,put,745.6400146484375
731.0,0.15287102020263676,6.25,6.29,571.0,-0.019829469896721703,0.07118412046543464,put,745.6400146484375
732.0,0.1514977429199219,6.49,6.52,483.0,-0.018462415685188624,0.07118412046543464,put,745.6400146484375
733.0,0.15024653472900396,6.73,6.77,321.0,-0.01709722775984867,0.07118412046543464,put,745.6400146484375
734.0,0.14890377471923827,6.99,7.02,473.0,-0.01573390103198456,0.07118412046543464,put,745.6400146484375
735.0,0.14765256652832032,7.25,7.29,6349.0,-0.014372430433663444,0.07118412046543464,put,745.6400146484375
736.0,0.14630980651855469,7.52,7.56,293.0,-0.013012810917623975,0.07118412046543464,put,745.6400146484375
737.0,0.14505859832763673,7.81,7.85,746.0,-0.011655037457163587,0.07118412046543464,put,745.6400146484375
738.0,0.1437921315002441,8.11,8.15,1796.0,-0.010299105046027674,0.07118412046543464,put,745.6400146484375
739.0,0.14252566467285155,8.42,8.46,150.0,-0.008945008698298375,0.07118412046543464,put,745.6400146484375
740.0,0.14133549102783205,8.75,8.79,5162.0,-0.0075927434482846905,0.07118412046543464,put,745.6400146484375
741.0,0.14013005874633788,9.09,9.13,1524.0,-0.006242304350413332,0.07118412046543464,put,745.6400146484375
742.0,0.13889410919189454,9.44,9.48,629.0,-0.0048936864791197495,0.07118412046543464,put,745.6400146484375
743.0,0.13773445281982422,9.81,9.85,1695.0,-0.003546884928741012,0.07118412046543464,put,745.6400146484375
744.0,0.1365290205383301,10.19,10.23,710.0,-0.0022018948134082906,0.07118412046543464,put,745.6400146484375
745.0,0.13541514007568362,10.58,10.63,6934.0,-0.00085871126694062,0.07118412046543464,put,745.6400146484375
746.0,0.13422496643066406,11.0,11.04,1132.0,0.00048267055726062495,0.07118412046543464,put,745.6400146484375
747.0,0.13312634460449219,11.42,11.47,1512.0,0.0018222554863171012,0.07118412046543464,put,745.6400146484375
748.0,0.1319361709594727,11.87,11.91,2143.0,0.003160048327977059,0.07118412046543464,put,745.6400146484375
749.0,0.13083754913330076,12.33,12.37,295.0,0.004496053870719315,0.07118412046543464,put,745.6400146484375
750.0,0.1297694445800781,12.81,12.85,1470.0,0.005830276883855982,0.07118412046543464,put,745.6400146484375
751.0,0.14609618560791016,11.95,14.73,198.0,0.0071627221176346215,0.07118412046543464,put,745.6400146484375
752.0,0.14576049560546872,12.38,15.29,39.0,0.008493394303339723,0.07118412046543464,put,745.6400146484375
753.0,0.14627928924560546,12.86,15.93,5.0,0.009822298153393496,0.07118412046543464,put,745.6400146484375
754.0,0.14690489334106444,13.97,16.59,60.0,0.011149438361455792,0.07118412046543464,put,745.6400146484375
755.0,0.13221082641601564,13.99,16.08,31.0,0.012474819602524443,0.07118412046543464,put,745.6400146484375
756.0,0.14652342742919922,14.94,17.82,3.0,0.01379844653303276,0.07118412046543464,put,745.6400146484375
757.0,0.145867306060791,15.19,18.42,50.0,0.015120323790948558,0.07118412046543464,put,745.6400146484375
758.0,0.1453027365112305,15.82,19.04,37.0,0.016440455995871458,0.07118412046543464,put,745.6400146484375
759.0,0.14470764968872069,16.46,19.67,12.0,0.01775884774912975,0.07118412046543464,put,745.6400146484375
760.0,0.14420411468505856,17.12,20.32,359.0,0.019075503633876605,0.07118412046543464,put,745.6400146484375
761.0,0.1437768728637695,17.79,20.99,20.0,0.020390428215185698,0.07118412046543464,put,745.6400146484375
762.0,0.1433496310424805,18.48,21.67,60.0,0.021703626040146157,0.07118412046543464,put,745.6400146484375
764.0,0.14292238922119144,19.91,23.1,1.0,0.024324859520020416,0.07118412046543464,put,745.6400146484375
765.0,0.14252566467285155,20.7,23.82,162.0,0.025632904180035564,0.07118412046543464,put,745.6400146484375
766.0,0.1424035955810547,21.4,24.57,1.0,0.026939240094091047,0.07118412046543464,put,745.6400146484375
767.0,0.1422815264892578,22.16,25.33,1.0,0.028243871720755955,0.07118412046543464,put,745.6400146484375
769.0,0.14218997467041017,23.73,26.89,4.0,0.03084803985914378,0.07118412046543464,put,745.6400146484375
770.0,0.14222049194335937,24.54,27.69,52.0,0.03214758520122936,0.07118412046543464,put,745.6400146484375
771.0,0.1422815264892578,25.37,28.5,2.0,0.03344544391682934,0.07118412046543464,put,745.6400146484375
774.0,0.1431665274047852,27.87,31.02,,0.03732894394322702,0.07118412046543464,put,745.6400146484375
775.0,0.143563251953125,28.73,31.88,15.0,0.038620099706846926,0.07118412046543464,put,745.6400146484375
776.0,0.14383790740966795,29.6,32.74,,0.039909590536718484,0.07118412046543464,put,745.6400146484375
780.0,0.14658446197509767,33.18,36.32,1.0,0.04505099003713724,0.07118412046543464,put,745.6400146484375
783.0,0.14926998199462893,35.95,39.08,1.0,0.048889766344302976,0.07118412046543464,put,745.6400146484375
785.0,0.15192498474121097,37.83,40.97,15.0,0.05144078813590835,0.07118412046543464,put,745.6400146484375
790.0,0.1609580975341797,42.69,45.82,2.0,0.057790015814566977,0.07118412046543464,put,745.6400146484375
795.0,0.1724936267089844,47.61,50.78,2.0,0.0640991850078318,0.07118412046543464,put,745.6400146484375
800.0,0.18488363952636716,52.63,55.78,4.0,0.07036879802142708,0.07118412046543464,put,745.6400146484375
805.0,0.19702951416015624,57.63,60.78,15.0,0.07659934777206326,0.07118412046543464,put,745.6400146484375
820.0,1.4867579373168947,164.34,167.67,,0.09506141061179856,0.07118412046543464,put,745.6400146484375
830.0,0.8145770495605469,118.2,121.0,,0.10718277114414336,0.07118412046543464,put,745.6400146484375
835.0,0.26538820556640624,87.61,90.78,,0.11318879520435532,0.07118412046543464,put,745.6400146484375
840.0,0.2761913201904296,92.61,95.78,20.0,0.11915896219085904,0.07118412046543464,put,745.6400146484375
845.0,0.2868113311767577,97.61,100.78,1.0,0.1250936977106737,0.07118412046543464,put,745.6400146484375
860.0,2.1299485227966306,243.6,247.42,,0.14268945960105334,0.07118412046543464,put,745.6400146484375
865.0,1.177433312072754,171.15,174.5,1.0,0.14848657728537912,0.07118412046543464,put,745.6400146484375
870.0,0.9518437432861326,158.2,161.01,2.0,0.15425028200212929,0.07118412046543464,put,745.6400146484375
890.0,0.5600935104370117,150.73,153.0,1.0,0.1769785330796854,0.07118412046543464,put,745.6400146484375
915.0,1.088719156036377,203.2,206.01,,0.20468113562902107,0.07118412046543464,put,745.6400146484375
955.0,1.1986734402465822,243.2,246.01,,0.24746841083423013,0.07118412046543464,put,745.6400146484375
995.0,0.5572554040527344,247.61,250.78,1.0,0.2884998075120926,0.07118412046543464,put,745.6400146484375
1000.0,0.5650678259277344,252.61,255.78,10.0,0.2935123493356368,0.07118412046543464,put,745.6400146484375
625.0,0.4294490649414063,121.34,124.54,2.0,-0.1764912799100987,0.09308692676249145,call,745.6400146484375
635.0,0.4030211065673829,111.46,114.66,1.0,-0.16061793075380856,0.09308692676249145,call,745.6400146484375
640.0,0.3897155755615235,106.53,109.72,,-0.15277475329278267,0.09308692676249145,call,745.6400146484375
650.0,0.36414210083007814,96.68,99.89,,-0.13727056675681742,0.09308692676249145,call,745.6400146484375
660.0,0.3384465570068359,86.88,90.08,1.0,-0.12200309462602889,0.09308692676249145,call,745.6400146484375
665.0,0.32639223419189456,82.0,85.22,1.0,-0.11445588899064599,0.09308692676249145,call,745.6400146484375
670.0,0.3140632559204102,77.14,80.36,1.0,-0.10696521726148839,0.09308692676249145,call,745.6400146484375
675.0,0.3021004849243164,72.31,75.53,2.0,-0.09953023877397033,0.09308692676249145,call,745.6400146484375
680.0,0.29038185211181633,67.5,70.73,1.0,-0.09215013147634776,0.09308692676249145,call,745.6400146484375
685.0,0.27887684020996095,62.72,65.96,1.0,-0.08482409138427487,0.09308692676249145,call,745.6400146484375
690.0,0.2677685528564453,57.99,61.24,2.0,-0.0775513320551951,0.09308692676249145,call,745.6400146484375
695.0,0.25666026550292964,53.3,56.55,1.0,-0.07033108408170805,0.09308692676249145,call,745.6400146484375
700.0,0.2459181854248047,48.67,51.92,4.0,-0.0631625946030955,0.09308692676249145,call,745.6400146484375
702.0,0.24176783630371096,46.83,50.09,1.0,-0.06030952562068902,0.09308692676249145,call,745.6400146484375
704.0,0.2376480044555664,45.01,48.27,1.0,-0.057464573488457814,0.09308692676249145,call,745.6400146484375
705.0,0.2355117953491211,44.1,47.36,1.0,-0.05604512683423154,0.09308692676249145,call,745.6400146484375
707.0,0.2316361016845703,42.3,45.57,1.0,-0.05321226374992739,0.09308692676249145,call,745.6400146484375
708.0,0.22956092712402343,41.4,44.67,1.0,-0.05179883595278036,0.09308692676249145,call,745.6400146484375
709.0,0.2275773043823242,40.51,43.78,1.0,-0.05038740311437272,0.09308692676249145,call,745.6400146484375
710.0,0.22556316436767576,39.62,42.89,6.0,-0.04897795961113909,0.09308692676249145,call,745.6400146484375
711.0,0.22367109344482416,38.73,42.01,4.0,-0.0475704998432593,0.09308692676249145,call,745.6400146484375
713.0,0.21985643432617186,36.97,40.26,1.0,-0.0447615092322042,0.09308692676249145,call,745.6400146484375
714.0,0.21781177703857418,36.1,39.38,1.0,-0.04335996730691584,0.09308692676249145,call,745.6400146484375
715.0,0.2159959992980957,35.23,38.52,1.0,-0.04196038695249255,0.09308692676249145,call,745.6400146484375
716.0,0.21411918701171873,34.37,37.66,1.0,-0.04056276268585457,0.09308692676249145,call,745.6400146484375
718.0,0.21039607971191404,32.66,35.95,1.0,-0.037773360598275955,0.09308692676249145,call,745.6400146484375
720.0,0.20681030014038082,30.97,34.27,33.0,-0.03499171763639922,0.09308692676249145,call,745.6400146484375
721.0,0.2049334878540039,30.13,33.43,10.0,-0.033603792361551116,0.09308692676249145,call,745.6400146484375
722.0,0.20313296874999998,29.3,32.6,2.0,-0.03221779075367394,0.09308692676249145,call,745.6400146484375
723.0,0.20140874282836913,28.47,31.78,1.0,-0.03083370748773546,0.09308692676249145,call,745.6400146484375
724.0,0.19974555145263673,27.65,30.97,3.0,-0.02945153726078376,0.09308692676249145,call,745.6400146484375
725.0,0.19800606689453126,26.84,30.16,36.0,-0.028071274791825442,0.09308692676249145,call,745.6400146484375
726.0,0.1963276168823242,26.04,29.36,1.0,-0.02669291482170411,0.09308692676249145,call,745.6400146484375
727.0,0.19457287368774412,25.24,28.56,2.0,-0.025316452112980812,0.09308692676249145,call,745.6400146484375
728.0,0.19300123413085937,24.45,27.78,6.0,-0.023941881449814184,0.09308692676249145,call,745.6400146484375
729.0,0.19135330139160156,23.66,27.0,1.0,-0.022569197637841987,0.09308692676249145,call,745.6400146484375
730.0,0.189735885925293,22.88,26.23,12.0,-0.021198395504063414,0.09308692676249145,call,745.6400146484375
731.0,0.18805743591308594,22.12,25.46,3.0,-0.019829469896721703,0.09308692676249145,call,745.6400146484375
732.0,0.18654683090209961,21.36,24.71,1.0,-0.018462415685188624,0.09308692676249145,call,745.6400146484375
733.0,0.18494467407226559,20.85,23.96,2.0,-0.01709722775984867,0.09308692676249145,call,745.6400146484375
734.0,0.1759725958251953,19.87,22.57,4.0,-0.01573390103198456,0.09308692676249145,call,745.6400146484375
735.0,0.16993017578125003,19.13,21.44,23.0,-0.014372430433663444,0.09308692676249145,call,745.6400146484375
736.0,0.1805349281311035,18.41,21.79,11.0,-0.013012810917623975,0.09308692676249145,call,745.6400146484375
737.0,0.1625907716369629,17.7,19.61,23.0,-0.011655037457163587,0.09308692676249145,call,745.6400146484375
738.0,0.16724465576171876,17.81,19.45,27.0,-0.010299105046027674,0.09308692676249145,call,745.6400146484375
739.0,0.1607444766235352,16.31,18.3,29.0,-0.008945008698298375,0.09308692676249145,call,745.6400146484375
740.0,0.16300275482177734,16.31,17.95,121.0,-0.0075927434482846905,0.09308692676249145,call,745.6400146484375
741.0,0.17371431762695314,14.96,18.38,67.0,-0.006242304350413332,0.09308692676249145,call,745.6400146484375
742.0,0.16178206390380856,15.7,16.76,176.0,-0.0048936864791197495,0.09308692676249145,call,745.6400146484375
743.0,0.1606224075317383,14.32,16.13,56.0,-0.003546884928741012,0.09308692676249145,call,745.6400146484375
744.0,0.1519555020141602,14.76,14.82,30.0,-0.0022018948134082906,0.09308692676249145,call,745.6400146484375
745.0,0.15079584564208987,14.14,14.21,1032.0,-0.00085871126694062,0.09308692676249145,call,745.6400146484375
746.0,0.14963618927001954,13.55,13.61,116.0,0.00048267055726062495,0.09308692676249145,call,745.6400146484375
747.0,0.148446015625,12.96,13.02,495.0,0.0018222554863171012,0.09308692676249145,call,745.6400146484375
748.0,0.14734739379882814,12.39,12.45,481.0,0.003160048327977059,0.09308692676249145,call,745.6400146484375
749.0,0.14624877197265623,11.83,11.89,1059.0,0.004496053870719315,0.09308692676249145,call,745.6400146484375
750.0,0.1452111846923828,11.29,11.35,154.0,0.005830276883855982,0.09308692676249145,call,745.6400146484375
751.0,0.14415833877563478,10.76,10.82,104.0,0.0071627221176346215,0.09308692676249145,call,745.6400146484375
752.0,0.1430749755859375,10.25,10.3,66.0,0.008493394303339723,0.09308692676249145,call,745.6400146484375
753.0,0.14206790557861326,9.75,9.8,13.0,0.009822298153393496,0.09308692676249145,call,745.6400146484375
754.0,0.14115238739013675,9.27,9.32,26.0,0.011149438361455792,0.09308692676249145,call,745.6400146484375
755.0,0.14020635192871095,8.8,8.85,78.0,0.012474819602524443,0.09308692676249145,call,745.6400146484375
756.0,0.1393213510131836,8.35,8.4,123.0,0.01379844653303276,0.09308692676249145,call,745.6400146484375
757.0,0.13842109146118164,7.91,7.96,41.0,0.015120323790948558,0.09308692676249145,call,745.6400146484375
758.0,0.13758186645507814,7.49,7.54,37.0,0.016440455995871458,0.09308692676249145,call,745.6400146484375
759.0,0.1368494519042969,7.09,7.14,22.0,0.01775884774912975,0.09308692676249145,call,745.6400146484375
760.0,0.1360560028076172,6.7,6.75,1506.0,0.019075503633876605,0.09308692676249145,call,745.6400146484375
761.0,0.1352320364379883,6.32,6.37,9.0,0.020390428215185698,0.09308692676249145,call,745.6400146484375
762.0,0.13449962188720704,5.97,6.01,103.0,0.021703626040146157,0.09308692676249145,call,745.6400146484375
763.0,0.13385875915527345,5.62,5.67,34.0,0.02301510163795691,0.09308692676249145,call,745.6400146484375
764.0,0.1331873791503906,5.29,5.34,74.0,0.024324859520020416,0.09308692676249145,call,745.6400146484375
765.0,0.1326075509643555,4.98,5.03,306.0,0.025632904180035564,0.09308692676249145,call,745.6400146484375
766.0,0.13199720550537108,4.68,4.73,15.0,0.026939240094091047,0.09308692676249145,call,745.6400146484375
767.0,0.13138686004638672,4.4,4.44,23.0,0.028243871720755955,0.09308692676249145,call,745.6400146484375
768.0,0.13086806640624998,4.13,4.17,32.0,0.029546803501171955,0.09308692676249145,call,745.6400146484375
769.0,0.13031875549316402,3.87,3.91,29.0,0.03084803985914378,0.09308692676249145,call,745.6400146484375
770.0,0.12973892730712888,3.62,3.66,1767.0,0.03214758520122936,0.09308692676249145,call,745.6400146484375
771.0,0.12931168548583982,3.39,3.43,80.0,0.03344544391682934,0.09308692676249145,call,745.6400146484375
772.0,0.12888444366455076,3.17,3.21,93.0,0.034741620378276036,0.09308692676249145,call,745.6400146484375
773.0,0.12842668457031248,2.96,3.0,5.0,0.03603611894092185,0.09308692676249145,call,745.6400146484375
774.0,0.12799944274902342,2.76,2.8,15.0,0.03732894394322702,0.09308692676249145,call,745.6400146484375
775.0,0.1275416836547852,2.58,2.61,476.0,0.038620099706846926,0.09308692676249145,call,745.6400146484375
776.0,0.12729754547119143,2.4,2.44,7.0,0.039909590536718484,0.09308692676249145,call,745.6400146484375
777.0,0.12687030364990232,2.24,2.27,22.0,0.041197420721147196,0.09308692676249145,call,745.6400146484375
778.0,0.1266566827392578,2.08,2.12,48.0,0.04248359453189138,0.09308692676249145,call,745.6400146484375
779.0,0.12629047546386718,1.93,1.97,469.0,0.04376811622424806,0.09308692676249145,call,745.6400146484375
780.0,0.125985302734375,1.79,1.83,135.0,0.04505099003713724,0.09308692676249145,call,745.6400146484375
781.0,0.12568013000488282,1.67,1.7,1.0,0.0463322201931858,0.09308692676249145,call,745.6400146484375
782.0,0.1254665090942383,1.54,1.58,4.0,0.04761181089881093,0.09308692676249145,call,745.6400146484375
784.0,0.12500875,1.33,1.36,5.0,0.05016609070390774,0.09308692676249145,call,745.6400146484375
785.0,0.12479512908935547,1.23,1.26,144.0,0.05144078813590835,0.09308692676249145,call,745.6400146484375
786.0,0.1247035772705078,1.14,1.17,171.0,0.05271386278270627,0.09308692676249145,call,745.6400146484375
788.0,0.12427633544921876,0.97,1.0,53.0,0.055255160211378884,0.09308692676249145,call,745.6400146484375
790.0,0.12421530090332032,0.83,0.86,302.0,0.057790015814566977,0.09308692676249145,call,745.6400146484375
791.0,0.12427633544921876,0.77,0.8,3.0,0.059055038121153695,0.09308692676249145,call,745.6400146484375
792.0,0.12421530090332032,0.71,0.74,143.0,0.0603184621679257,0.09308692676249145,call,745.6400146484375
793.0,0.12397116271972657,0.66,0.68,2.0,0.06158029198834784,0.09308692676249145,call,745.6400146484375
794.0,0.124032197265625,0.61,0.63,51.0,0.0628405316006356,0.09308692676249145,call,745.6400146484375
795.0,0.12427633544921876,0.56,0.59,27.0,0.0640991850078318,0.09308692676249145,call,745.6400146484375
800.0,0.12513081909179688,0.39,0.41,584.0,0.07036879802142708,0.09308692676249145,call,745.6400146484375
805.0,0.12647357910156248,0.27,0.29,11.0,0.07659934777206326,0.09308692676249145,call,745.6400146484375
810.0,0.12842668457031248,0.2,0.21,34.0,0.08279131801998423,0.09308692676249145,call,745.6400146484375
815.0,0.13123427368164062,0.15,0.16,23.0,0.08894518359436258,0.09308692676249145,call,745.6400146484375
820.0,0.13501841552734378,0.11,0.13,47.0,0.09506141061179856,0.09308692676249145,call,745.6400146484375
825.0,0.139657041015625,0.09,0.11,1.0,0.10114045668818084,0.09308692676249145,call,745.6400146484375
830.0,0.1430749755859375,0.07,0.09,5.0,0.10718277114414336,0.09308692676249145,call,745.6400146484375
835.0,0.14795773925781253,0.06,0.08,3.0,0.11318879520435532,0.09308692676249145,call,745.6400146484375
840.0,0.15235222656250003,0.05,0.07,13.0,0.11915896219085904,0.09308692676249145,call,745.6400146484375
845.0,0.15674671386718753,0.04,0.06,62.0,0.1250936977106737,0.09308692676249145,call,745.6400146484375
850.0,0.1601646484375,0.04,0.05,2.0,0.13099341983786186,0.09308692676249145,call,745.6400146484375
855.0,0.16602396484375004,0.03,0.05,7.0,0.13685853929026004,0.09308692676249145,call,745.6400146484375
860.0,0.16895362304687503,0.03,0.04,61.0,0.14268945960105334,0.09308692676249145,call,745.6400146484375
865.0,0.174812939453125,0.03,0.04,60.0,0.14848657728537912,0.09308692676249145,call,745.6400146484375
870.0,0.180672255859375,0.03,0.04,62.0,0.15425028200212929,0.09308692676249145,call,745.6400146484375
875.0,0.186531572265625,0.02,0.04,2.0,0.15998095671111423,0.09308692676249145,call,745.6400146484375
880.0,0.187508125,0.02,0.03,140.0,0.16567897782575203,0.09308692676249145,call,745.6400146484375
885.0,0.19336744140625,0.02,0.03,22.0,0.1713447153614293,0.09308692676249145,call,745.6400146484375
425.0,0.6171913281250001,0.04,0.06,95.0,-0.5621537607220835,0.09308692676249145,put,745.6400146484375
430.0,0.6093789062500001,0.05,0.06,120.0,-0.550457720958892,0.09308692676249145,put,745.6400146484375
435.0,0.5976602734375001,0.05,0.06,2.0,-0.538896898557816,0.09308692676249145,put,745.6400146484375
440.0,0.5908244042968751,0.05,0.07,2.0,-0.5274682027341933,0.09308692676249145,put,745.6400146484375
445.0,0.5839885351562499,0.06,0.07,3.0,-0.5161686474802599,0.09308692676249145,put,745.6400146484375
450.0,0.5722699023437501,0.06,0.07,10.0,-0.5049953468821347,0.09308692676249145,put,745.6400146484375
455.0,0.567387138671875,0.07,0.08,1.0,-0.49394551069554976,0.09308692676249145,put,745.6400146484375
465.0,0.5478560839843751,0.07,0.09,,-0.47220552405914384,0.09308692676249145,put,745.6400146484375
470.0,0.5390671093750001,0.08,0.09,3.0,-0.4615102349423959,0.09308692676249145,put,745.6400146484375
475.0,0.5312546875,0.08,0.1,2.0,-0.45092812561185897,0.09308692676249145,put,745.6400146484375
480.0,0.5224657128906249,0.09,0.1,2.0,-0.4404568257445636,0.09308692676249145,put,745.6400146484375
485.0,0.5136767382812499,0.09,0.11,1.0,-0.430094038709017,0.09308692676249145,put,745.6400146484375
490.0,0.507817421875,0.1,0.12,1.0,-0.4198375385418279,0.09308692676249145,put,745.6400146484375
495.0,0.5009815527343751,0.11,0.12,2.0,-0.40968516707780994,0.09308692676249145,put,745.6400146484375
500.0,0.4936574072265626,0.12,0.13,3.0,-0.3996348312243085,0.09308692676249145,put,745.6400146484375
505.0,0.48633326171875,0.12,0.14,10.0,-0.3896845003711403,0.09308692676249145,put,745.6400146484375
510.0,0.47852083984375,0.13,0.15,20.0,-0.37983220392812866,0.09308692676249145,put,745.6400146484375
515.0,0.4672904833984375,0.14,0.15,2.0,-0.370076028982764,0.09308692676249145,put,745.6400146484375
520.0,0.4594780615234375,0.15,0.16,1.0,-0.3604141180710271,0.09308692676249145,put,745.6400146484375
525.0,0.45166563964843753,0.16,0.17,2.0,-0.3508446670548764,0.09308692676249145,put,745.6400146484375
530.0,0.44336494140625,0.17,0.18,13.0,-0.34136592310033265,0.09308692676249145,put,745.6400146484375
535.0,0.437505625,0.18,0.2,3.0,-0.3319761827504936,0.09308692676249145,put,745.6400146484375
540.0,0.4292049267578125,0.2,0.21,2.0,-0.3226737900881801,0.09308692676249145,put,745.6400146484375
545.0,0.4204159521484375,0.21,0.22,15.0,-0.3134571349832561,0.09308692676249145,put,745.6400146484375
550.0,0.41358008300781246,0.22,0.24,12.0,-0.3043246514199836,0.09308692676249145,put,745.6400146484375
555.0,0.40479110839843746,0.24,0.25,1.0,-0.2952748159000657,0.09308692676249145,put,745.6400146484375
560.0,0.397466962890625,0.26,0.27,24.0,-0.2863061459173053,0.09308692676249145,put,745.6400146484375
565.0,0.39014281738281253,0.28,0.29,80.0,-0.2774171985000593,0.09308692676249145,put,745.6400146484375
570.0,0.38233039550781245,0.3,0.31,6.0,-0.2686065688179044,0.09308692676249145,put,745.6400146484375
575.0,0.3745179736328125,0.32,0.33,4.0,-0.2598728888491498,0.09308692676249145,put,745.6400146484375
580.0,0.3679262426757813,0.34,0.36,12.0,-0.25121482610603507,0.09308692676249145,put,745.6400146484375
585.0,0.35938140625,0.37,0.38,12.0,-0.24263108241464362,0.09308692676249145,put,745.6400146484375
590.0,0.35205726074218746,0.39,0.41,28.0,-0.234120392746735,0.09308692676249145,put,745.6400146484375
595.0,0.34448897705078124,0.42,0.44,1.0,-0.22568152410087036,0.09308692676249145,put,745.6400146484375
600.0,0.33667655517578127,0.45,0.47,28.0,-0.21731327443035378,0.09308692676249145,put,745.6400146484375
605.0,0.3286199951171874,0.49,0.5,1.0,-0.2090144716156587,0.09308692676249145,put,745.6400146484375
610.0,0.3210517114257812,0.52,0.54,10.0,-0.20078397247914323,0.09308692676249145,put,745.6400146484375
615.0,0.3133613586425781,0.56,0.58,8.0,-0.1926206618399823,0.09308692676249145,put,745.6400146484375
620.0,0.3053047985839844,0.61,0.62,9.0,-0.18452345160736294,0.09308692676249145,put,745.6400146484375
625.0,0.297736514892578,0.65,0.67,36.0,-0.1764912799100987,0.09308692676249145,put,745.6400146484375
630.0,0.2898020239257812,0.7,0.72,20.0,-0.16852311026092182,0.09308692676249145,put,745.6400146484375
635.0,0.282233740234375,0.76,0.78,43.0,-0.16061793075380856,0.09308692676249145,put,745.6400146484375
640.0,0.2742992492675781,0.82,0.84,71.0,-0.15277475329278267,0.09308692676249145,put,745.6400146484375
645.0,0.266608896484375,0.89,0.91,73.0,-0.14499261285072773,0.09308692676249145,put,745.6400146484375
650.0,0.25891854370117195,0.97,0.99,81.0,-0.13727056675681742,0.09308692676249145,put,745.6400146484375
655.0,0.25171646728515623,1.06,1.09,35.0,-0.1296076940112483,0.09308692676249145,put,745.6400146484375
660.0,0.24445335632324222,1.17,1.2,129.0,-0.12200309462602889,0.09308692676249145,put,745.6400146484375
665.0,0.2370071417236328,1.3,1.32,51.0,-0.11445588899064599,0.09308692676249145,put,745.6400146484375
670.0,0.23004920349121094,1.44,1.47,121.0,-0.10696521726148839,0.09308692676249145,put,745.6400146484375
675.0,0.22309126525878903,1.61,1.64,188.0,-0.09953023877397033,0.09308692676249145,put,745.6400146484375
680.0,0.2161943615722656,1.82,1.84,584.0,-0.09215013147634776,0.09308692676249145,put,745.6400146484375
685.0,0.20960263061523435,2.05,2.08,825.0,-0.08482409138427487,0.09308692676249145,put,745.6400146484375
690.0,0.2030414169311523,2.33,2.36,358.0,-0.0775513320551951,0.09308692676249145,put,745.6400146484375
695.0,0.19657175506591795,2.66,2.69,1083.0,-0.07033108408170805,0.09308692676249145,put,745.6400146484375
700.0,0.1901936450195313,3.04,3.08,2465.0,-0.0631625946030955,0.09308692676249145,put,745.6400146484375
701.0,0.1887898504638672,3.13,3.16,44.0,-0.06173504261191007,0.09308692676249145,put,745.6400146484375
702.0,0.18756915954589842,3.22,3.25,89.0,-0.06030952562068902,0.09308692676249145,put,745.6400146484375
703.0,0.18625691680908202,3.31,3.34,122.0,-0.05888603783583533,0.09308692676249145,put,745.6400146484375
704.0,0.18506674316406246,3.4,3.44,599.0,-0.057464573488457814,0.09308692676249145,put,745.6400146484375
705.0,0.18384605224609374,3.5,3.54,670.0,-0.05604512683423154,0.09308692676249145,put,745.6400146484375
706.0,0.18256432678222656,3.6,3.64,132.0,-0.05462769215325809,0.09308692676249145,put,745.6400146484375
707.0,0.181374153137207,3.71,3.75,96.0,-0.05321226374992739,0.09308692676249145,put,745.6400146484375
708.0,0.17997035858154298,3.82,3.85,39.0,-0.05179883595278036,0.09308692676249145,put,745.6400146484375
709.0,0.17884121948242188,3.93,3.97,21.0,-0.05038740311437272,0.09308692676249145,put,745.6400146484375
710.0,0.17749845947265624,4.05,4.08,385.0,-0.04897795961113909,0.09308692676249145,put,745.6400146484375
711.0,0.1762472512817383,4.17,4.2,20.0,-0.0475704998432593,0.09308692676249145,put,745.6400146484375
712.0,0.17508759490966797,4.29,4.33,24.0,-0.04616501823452439,0.09308692676249145,put,745.6400146484375
713.0,0.17383638671875,4.42,4.46,16.0,-0.0447615092322042,0.09308692676249145,put,745.6400146484375
714.0,0.17255466125488284,4.55,4.59,16.0,-0.04335996730691584,0.09308692676249145,put,745.6400146484375
715.0,0.17133397033691405,4.69,4.73,109.0,-0.04196038695249255,0.09308692676249145,put,745.6400146484375
716.0,0.1700522448730469,4.83,4.87,48.0,-0.04056276268585457,0.09308692676249145,put,745.6400146484375
717.0,0.16886207122802738,4.98,5.02,32.0,-0.0391670890468798,0.09308692676249145,put,745.6400146484375
718.0,0.1675803457641602,5.13,5.17,17.0,-0.037773360598275955,0.09308692676249145,put,745.6400146484375
719.0,0.16635965484619147,5.29,5.33,24.0,-0.03638157192545343,0.09308692676249145,put,745.6400146484375
720.0,0.1651999984741211,5.46,5.5,609.0,-0.03499171763639922,0.09308692676249145,put,745.6400146484375
721.0,0.16397930755615236,5.63,5.67,19.0,-0.033603792361551116,0.09308692676249145,put,745.6400146484375
722.0,0.16266706481933596,5.8,5.84,40.0,-0.03221779075367394,0.09308692676249145,put,745.6400146484375
723.0,0.16156844299316403,5.98,6.03,88.0,-0.03083370748773546,0.09308692676249145,put,745.6400146484375
724.0,0.1603477520751953,6.17,6.22,201.0,-0.02945153726078376,0.09308692676249145,put,745.6400146484375
725.0,0.15906602661132813,6.37,6.41,197.0,-0.028071274791825442,0.09308692676249145,put,745.6400146484375
726.0,0.15781481842041017,6.57,6.61,28.0,-0.02669291482170411,0.09308692676249145,put,745.6400146484375
727.0,0.15662464477539065,6.78,6.82,117.0,-0.025316452112980812,0.09308692676249145,put,745.6400146484375
728.0,0.15543447113037112,6.99,7.04,143.0,-0.023941881449814184,0.09308692676249145,put,745.6400146484375
729.0,0.15430533203125002,7.22,7.27,136.0,-0.022569197637841987,0.09308692676249145,put,745.6400146484375
730.0,0.15305412384033207,7.45,7.5,747.0,-0.021198395504063414,0.09308692676249145,put,745.6400146484375
731.0,0.1518639501953125,7.69,7.74,116.0,-0.019829469896721703,0.09308692676249145,put,745.6400146484375
732.0,0.1506585179138184,7.94,7.99,18.0,-0.018462415685188624,0.09308692676249145,put,745.6400146484375
733.0,0.14948360290527346,8.2,8.25,259.0,-0.01709722775984867,0.09308692676249145,put,745.6400146484375
734.0,0.14832394653320313,8.47,8.52,296.0,-0.01573390103198456,0.09308692676249145,put,745.6400146484375
735.0,0.1471642901611328,8.75,8.8,698.0,-0.014372430433663444,0.09308692676249145,put,745.6400146484375
736.0,0.1460351510620117,9.04,9.09,77.0,-0.013012810917623975,0.09308692676249145,put,745.6400146484375
737.0,0.14489075332641604,9.34,9.39,87.0,-0.011655037457163587,0.09308692676249145,put,745.6400146484375
738.0,0.1437463555908203,9.65,9.7,105.0,-0.010299105046027674,0.09308692676249145,put,745.6400146484375
739.0,0.14258669921875,9.97,10.02,32.0,-0.008945008698298375,0.09308692676249145,put,745.6400146484375
740.0,0.1414423014831543,10.3,10.35,1002.0,-0.0075927434482846905,0.09308692676249145,put,745.6400146484375
741.0,0.14038945556640625,10.64,10.7,189.0,-0.006242304350413332,0.09308692676249145,put,745.6400146484375
742.0,0.13921454055786137,11.0,11.05,269.0,-0.0048936864791197495,0.09308692676249145,put,745.6400146484375
743.0,0.13813117736816405,11.37,11.42,177.0,-0.003546884928741012,0.09308692676249145,put,745.6400146484375
744.0,0.13712410736083985,11.75,11.81,162.0,-0.0022018948134082906,0.09308692676249145,put,745.6400146484375
745.0,0.13599496826171875,12.15,12.2,1826.0,-0.00085871126694062,0.09308692676249145,put,745.6400146484375
746.0,0.13495738098144533,12.56,12.61,402.0,0.00048267055726062495,0.09308692676249145,put,745.6400146484375
747.0,0.1339808282470703,12.98,13.04,367.0,0.0018222554863171012,0.09308692676249145,put,745.6400146484375
748.0,0.13286694778442382,13.42,13.47,128.0,0.003160048327977059,0.09308692676249145,put,745.6400146484375
749.0,0.1319361709594727,13.87,13.93,237.0,0.004496053870719315,0.09308692676249145,put,745.6400146484375
750.0,0.13086806640624998,14.33,14.39,61.0,0.005830276883855982,0.09308692676249145,put,745.6400146484375
751.0,0.1298609963989258,14.81,14.87,6.0,0.0071627221176346215,0.09308692676249145,put,745.6400146484375
752.0,0.1451348915100098,13.86,16.84,3.0,0.008493394303339723,0.09308692676249145,put,745.6400146484375
753.0,0.14460083923339845,14.35,17.38,1.0,0.009822298153393496,0.09308692676249145,put,745.6400146484375
754.0,0.14490601196289063,14.89,18.01,2.0,0.011149438361455792,0.09308692676249145,put,745.6400146484375
755.0,0.12934220275878905,16.85,17.24,3.0,0.012474819602524443,0.09308692676249145,put,745.6400146484375
756.0,0.14496704650878905,16.01,19.25,,0.01379844653303276,0.09308692676249145,put,745.6400146484375
758.0,0.143563251953125,17.19,20.41,10.0,0.016440455995871458,0.09308692676249145,put,745.6400146484375
760.0,0.14243411285400392,18.43,21.64,1.0,0.019075503633876605,0.09308692676249145,put,745.6400146484375
765.0,0.14017583465576172,21.79,24.97,1.0,0.025632904180035564,0.09308692676249145,put,745.6400146484375
766.0,0.1398706619262695,22.51,25.68,1.0,0.026939240094091047,0.09308692676249145,put,745.6400146484375
770.0,0.13907721282958985,25.5,28.66,2.0,0.03214758520122936,0.09308692676249145,put,745.6400146484375
792.0,0.14917843017578125,44.82,47.95,1.0,0.0603184621679257,0.09308692676249145,put,745.6400146484375
800.0,0.16272809936523439,52.61,55.79,,0.07036879802142708,0.09308692676249145,put,745.6400146484375
